cod,proveedor,archivo,estado,detalle,url
FIG-C2,ACEROS PEÑASCAL STA. LUCIA,FIG-C2.webp,skip,proveedor sin dominios oficiales configurados,
TERMP01,ACEROS PEÑASCAL STA. LUCIA,TERMP01.webp,skip,proveedor sin dominios oficiales configurados,
ANGD,ANITA DE LOS SANTOS DE LA ROSA,ANGD.webp,skip,sin coincidencia en fuente oficial,
ANGI,ANITA DE LOS SANTOS DE LA ROSA,ANGI.webp,skip,sin coincidencia en fuente oficial,
BOTONRFC,ANITA DE LOS SANTOS DE LA ROSA,BOTONRFC.webp,skip,sin coincidencia en fuente oficial,
CHAPLAME,ANITA DE LOS SANTOS DE LA ROSA,CHAPLAME.webp,skip,sin coincidencia en fuente oficial,
ECLAZTE,ANITA DE LOS SANTOS DE LA ROSA,ECLAZTE.webp,skip,sin coincidencia en fuente oficial,
ECLCHFC,ANITA DE LOS SANTOS DE LA ROSA,ECLCHFC.webp,skip,sin coincidencia en fuente oficial,
FIGFCP/R,ANITA DE LOS SANTOS DE LA ROSA,FIGFCP-R.webp,skip,sin coincidencia en fuente oficial,
FIGFCR,ANITA DE LOS SANTOS DE LA ROSA,FIGFCR.webp,skip,sin coincidencia en fuente oficial,
FIGFCUVA,ANITA DE LOS SANTOS DE LA ROSA,FIGFCUVA.webp,skip,sin coincidencia en fuente oficial,
FIGFCP/R16,ANITA DE LOS SANTOS DE LA ROSA,FIGFCP-R16.webp,skip,sin coincidencia en fuente oficial,
FLORMARG,ANITA DE LOS SANTOS DE LA ROSA,FLORMARG.webp,skip,sin coincidencia en fuente oficial,
GALLOFC,ANITA DE LOS SANTOS DE LA ROSA,GALLOFC.webp,skip,sin coincidencia en fuente oficial,
HLIRA,ANITA DE LOS SANTOS DE LA ROSA,HLIRA.webp,skip,sin coincidencia en fuente oficial,
JALALU,ANITA DE LOS SANTOS DE LA ROSA,JALALU.webp,skip,sin coincidencia en fuente oficial,
JALELECTROC,ANITA DE LOS SANTOS DE LA ROSA,JALELECTROC.webp,skip,sin coincidencia en fuente oficial,
JAL-CLT,ANITA DE LOS SANTOS DE LA ROSA,JAL-CLT.webp,skip,sin coincidencia en fuente oficial,
JALELECTROO,ANITA DE LOS SANTOS DE LA ROSA,JALELECTROO.webp,skip,sin coincidencia en fuente oficial,
JALRUSPCC/P,ANITA DE LOS SANTOS DE LA ROSA,JALRUSPCC-P.webp,skip,sin coincidencia en fuente oficial,
JALRUSP,ANITA DE LOS SANTOS DE LA ROSA,JALRUSP.webp,skip,sin coincidencia en fuente oficial,
JALRUSPC/P,ANITA DE LOS SANTOS DE LA ROSA,JALRUSPC-P.webp,skip,sin coincidencia en fuente oficial,
JINETEFC,ANITA DE LOS SANTOS DE LA ROSA,JINETEFC.webp,skip,sin coincidencia en fuente oficial,
JGAMA13,ANITA DE LOS SANTOS DE LA ROSA,JGAMA13.webp,skip,sin coincidencia en fuente oficial,
LEONFC,ANITA DE LOS SANTOS DE LA ROSA,LEONFC.webp,skip,sin coincidencia en fuente oficial,
LUCHFC,ANITA DE LOS SANTOS DE LA ROSA,LUCHFC.webp,skip,sin coincidencia en fuente oficial,
MEDACH,ANITA DE LOS SANTOS DE LA ROSA,MEDACH.webp,ok,guardado en /home/rodrigo/Documentos/ProyectosVisual/Catalogo_Digital_Aceros_Pe-ascal/catalogo-web/fotos/MEDACH.webp,https://www.arteferro.com.mx/wp-content/uploads/2016/07/Imagen-194.jpg
MEDAGDE,ANITA DE LOS SANTOS DE LA ROSA,MEDAGDE.webp,ok,guardado en /home/rodrigo/Documentos/ProyectosVisual/Catalogo_Digital_Aceros_Pe-ascal/catalogo-web/fotos/MEDAGDE.webp,https://www.arteferro.com.mx/wp-content/uploads/2016/07/Imagen-194.jpg
MEDEGDE2,ANITA DE LOS SANTOS DE LA ROSA,MEDEGDE2.webp,skip,sin coincidencia en fuente oficial,
PUNLIZ,ANITA DE LOS SANTOS DE LA ROSA,PUNLIZ.webp,skip,sin coincidencia en fuente oficial,
PUNPIC,ANITA DE LOS SANTOS DE LA ROSA,PUNPIC.webp,skip,sin coincidencia en fuente oficial,
PUNREY,ANITA DE LOS SANTOS DE LA ROSA,PUNREY.webp,skip,sin coincidencia en fuente oficial,
RAUVA1,ANITA DE LOS SANTOS DE LA ROSA,RAUVA1.webp,skip,sin coincidencia en fuente oficial,
CORONA,ANITA DE LOS SANTOS DE LA ROSA,CORONA.webp,skip,sin coincidencia en fuente oficial,
SOLCHFC,ANITA DE LOS SANTOS DE LA ROSA,SOLCHFC.webp,skip,sin coincidencia en fuente oficial,
SOLFCG,ANITA DE LOS SANTOS DE LA ROSA,SOLFCG.webp,skip,sin coincidencia en fuente oficial,
SOLMEDFC,ANITA DE LOS SANTOS DE LA ROSA,SOLMEDFC.webp,skip,sin coincidencia en fuente oficial,
TOCAPMAN,ANITA DE LOS SANTOS DE LA ROSA,TOCAPMAN.webp,ok,guardado en /home/rodrigo/Documentos/ProyectosVisual/Catalogo_Digital_Aceros_Pe-ascal/catalogo-web/fotos/TOCAPMAN.webp,https://www.arteferro.com.mx/wp-content/uploads/2016/07/DSC05400.jpg
TOCAPCH,ANITA DE LOS SANTOS DE LA ROSA,TOCAPCH.webp,skip,sin coincidencia en fuente oficial,
CURCS16,CASCAR INTERNATIONAL S. DE R.L DE C.V,CURCS16.webp,ok,guardado en /home/rodrigo/Documentos/ProyectosVisual/Catalogo_Digital_Aceros_Pe-ascal/catalogo-web/fotos/CURCS16.webp,https://cascar.mx/wp-content/uploads/2022/10/C-205-PhotoRoom.png
P6X6-1/4,CASCAR INTERNATIONAL S. DE R.L DE C.V,P6X6-1-4.webp,skip,sin coincidencia en fuente oficial,
TAPIGDE,CASCAR INTERNATIONAL S. DE R.L DE C.V,TAPIGDE.webp,ok,guardado en /home/rodrigo/Documentos/ProyectosVisual/Catalogo_Digital_Aceros_Pe-ascal/catalogo-web/fotos/TAPIGDE.webp,https://cascar.mx/wp-content/uploads/2022/10/Adornos_FV_Coloniales_8.png
CASO70,"CHAPA INDUSTRIAS, S.A DE C.V",CASO70.webp,skip,sin coincidencia en fuente oficial,
CAND16932,"CHAPA INDUSTRIAS, S.A DE C.V",CAND16932.webp,skip,sin coincidencia en fuente oficial,
CAND16934,"CHAPA INDUSTRIAS, S.A DE C.V",CAND16934.webp,skip,sin coincidencia en fuente oficial,
CAND16933,"CHAPA INDUSTRIAS, S.A DE C.V",CAND16933.webp,skip,sin coincidencia en fuente oficial,
CAND6940,"CHAPA INDUSTRIAS, S.A DE C.V",CAND6940.webp,skip,sin coincidencia en fuente oficial,
CAND6942,"CHAPA INDUSTRIAS, S.A DE C.V",CAND6942.webp,skip,sin coincidencia en fuente oficial,
CAND6939,"CHAPA INDUSTRIAS, S.A DE C.V",CAND6939.webp,skip,sin coincidencia en fuente oficial,
CANCOM6924,"CHAPA INDUSTRIAS, S.A DE C.V",CANCOM6924.webp,skip,sin coincidencia en fuente oficial,
CAND6915,"CHAPA INDUSTRIAS, S.A DE C.V",CAND6915.webp,skip,sin coincidencia en fuente oficial,
CAND6917,"CHAPA INDUSTRIAS, S.A DE C.V",CAND6917.webp,skip,sin coincidencia en fuente oficial,
CERD6634,"CHAPA INDUSTRIAS, S.A DE C.V",CERD6634.webp,skip,sin coincidencia en fuente oficial,
CERD6339,"CHAPA INDUSTRIAS, S.A DE C.V",CERD6339.webp,skip,sin coincidencia en fuente oficial,
CERD6336,"CHAPA INDUSTRIAS, S.A DE C.V",CERD6336.webp,skip,sin coincidencia en fuente oficial,
CERD6730,"CHAPA INDUSTRIAS, S.A DE C.V",CERD6730.webp,skip,sin coincidencia en fuente oficial,
CHAD6740,"CHAPA INDUSTRIAS, S.A DE C.V",CHAD6740.webp,skip,sin coincidencia en fuente oficial,
CHAD5802,"CHAPA INDUSTRIAS, S.A DE C.V",CHAD5802.webp,skip,sin coincidencia en fuente oficial,
CHAD6744,"CHAPA INDUSTRIAS, S.A DE C.V",CHAD6744.webp,skip,sin coincidencia en fuente oficial,
CHAD6641,"CHAPA INDUSTRIAS, S.A DE C.V",CHAD6641.webp,skip,sin coincidencia en fuente oficial,
CHAD4189,"CHAPA INDUSTRIAS, S.A DE C.V",CHAD4189.webp,skip,sin coincidencia en fuente oficial,
CHAD6305,"CHAPA INDUSTRIAS, S.A DE C.V",CHAD6305.webp,skip,sin coincidencia en fuente oficial,
CHA4187,"CHAPA INDUSTRIAS, S.A DE C.V",CHA4187.webp,skip,sin coincidencia en fuente oficial,
CHAD4186,"CHAPA INDUSTRIAS, S.A DE C.V",CHAD4186.webp,skip,sin coincidencia en fuente oficial,
CHAD6754,"CHAPA INDUSTRIAS, S.A DE C.V",CHAD6754.webp,skip,sin coincidencia en fuente oficial,
PASDEX3475,"CHAPA INDUSTRIAS, S.A DE C.V",PASDEX3475.webp,skip,sin coincidencia en fuente oficial,
4065,"CHAPA INDUSTRIAS, S.A DE C.V",4065.webp,skip,sin coincidencia en fuente oficial,
4058,"CHAPA INDUSTRIAS, S.A DE C.V",4058.webp,skip,sin coincidencia en fuente oficial,
4066,"CHAPA INDUSTRIAS, S.A DE C.V",4066.webp,skip,sin coincidencia en fuente oficial,
4061,"CHAPA INDUSTRIAS, S.A DE C.V",4061.webp,skip,sin coincidencia en fuente oficial,
CBR2,"COMPLEMENTOS COBY,SA DE C.V",CBR2.webp,skip,sin coincidencia en fuente oficial,
INSER009,"DISTRIBUIDORA DE ACEROS ESTRUCTURALES, S.A DE C.V",INSER009.webp,skip,sin coincidencia en fuente oficial,
INSER026,"DISTRIBUIDORA DE ACEROS ESTRUCTURALES, S.A DE C.V",INSER026.webp,skip,sin coincidencia en fuente oficial,
INSER006,"DISTRIBUIDORA DE ACEROS ESTRUCTURALES, S.A DE C.V",INSER006.webp,skip,sin coincidencia en fuente oficial,
BIGOT-013,"DISTRIBUIDORA DE ACEROS ESTRUCTURALES, S.A DE C.V",BIGOT-013.webp,skip,sin coincidencia en fuente oficial,
BIGOT-016,"DISTRIBUIDORA DE ACEROS ESTRUCTURALES, S.A DE C.V",BIGOT-016.webp,skip,sin coincidencia en fuente oficial,
HOJA006,"DISTRIBUIDORA DE ACEROS ESTRUCTURALES, S.A DE C.V",HOJA006.webp,skip,sin coincidencia en fuente oficial,
FLODE007,"DISTRIBUIDORA DE ACEROS ESTRUCTURALES, S.A DE C.V",FLODE007.webp,skip,sin coincidencia en fuente oficial,
PIE-ENC,"DISTRIBUIDORA DE ACEROS ESTRUCTURALES, S.A DE C.V",PIE-ENC.webp,skip,sin coincidencia en fuente oficial,
RIZO014,"DISTRIBUIDORA DE ACEROS ESTRUCTURALES, S.A DE C.V",RIZO014.webp,skip,sin coincidencia en fuente oficial,
RIZO011,"DISTRIBUIDORA DE ACEROS ESTRUCTURALES, S.A DE C.V",RIZO011.webp,skip,sin coincidencia en fuente oficial,
BIRLO5X400,DISTRIBUIDORA MAYORISTA DE TORNILLOS DE YUCATAN,BIRLO5X400.webp,skip,proveedor sin dominios oficiales configurados,
BIRLO6X200,DISTRIBUIDORA MAYORISTA DE TORNILLOS DE YUCATAN,BIRLO6X200.webp,skip,proveedor sin dominios oficiales configurados,
PIJA8X3/4,DISTRIBUIDORA MAYORISTA DE TORNILLOS DE YUCATAN,PIJA8X3-4.webp,skip,proveedor sin dominios oficiales configurados,
PIJA10X11/2,DISTRIBUIDORA MAYORISTA DE TORNILLOS DE YUCATAN,PIJA10X11-2.webp,skip,proveedor sin dominios oficiales configurados,
PIJA10X2,DISTRIBUIDORA MAYORISTA DE TORNILLOS DE YUCATAN,PIJA10X2.webp,skip,proveedor sin dominios oficiales configurados,
PIJA8X11/2,DISTRIBUIDORA MAYORISTA DE TORNILLOS DE YUCATAN,PIJA8X11-2.webp,skip,proveedor sin dominios oficiales configurados,
PIJA8X1,DISTRIBUIDORA MAYORISTA DE TORNILLOS DE YUCATAN,PIJA8X1.webp,skip,proveedor sin dominios oficiales configurados,
PIJAKLATH8X11/2,DISTRIBUIDORA MAYORISTA DE TORNILLOS DE YUCATAN,PIJAKLATH8X11-2.webp,skip,proveedor sin dominios oficiales configurados,
PIJAKLATH8X1,DISTRIBUIDORA MAYORISTA DE TORNILLOS DE YUCATAN,PIJAKLATH8X1.webp,skip,proveedor sin dominios oficiales configurados,
PIJAKLATH8X1/2,DISTRIBUIDORA MAYORISTA DE TORNILLOS DE YUCATAN,PIJAKLATH8X1-2.webp,skip,proveedor sin dominios oficiales configurados,
RONPREGAL16,DISTRIBUIDORA MAYORISTA DE TORNILLOS DE YUCATAN,RONPREGAL16.webp,skip,proveedor sin dominios oficiales configurados,
TORCOGALV.6X38,DISTRIBUIDORA MAYORISTA DE TORNILLOS DE YUCATAN,TORCOGALV-6X38.webp,skip,proveedor sin dominios oficiales configurados,
TORCAGALV.6X50,DISTRIBUIDORA MAYORISTA DE TORNILLOS DE YUCATAN,TORCAGALV-6X50.webp,skip,proveedor sin dominios oficiales configurados,
TORCOGALV6X100,DISTRIBUIDORA MAYORISTA DE TORNILLOS DE YUCATAN,TORCOGALV6X100.webp,skip,proveedor sin dominios oficiales configurados,
TORHEXGAL6X75,DISTRIBUIDORA MAYORISTA DE TORNILLOS DE YUCATAN,TORHEXGAL6X75.webp,skip,proveedor sin dominios oficiales configurados,
VARO25,DISTRIBUIDORA MAYORISTA DE TORNILLOS DE YUCATAN,VARO25.webp,skip,proveedor sin dominios oficiales configurados,
VARO13,DISTRIBUIDORA MAYORISTA DE TORNILLOS DE YUCATAN,VARO13.webp,skip,proveedor sin dominios oficiales configurados,
VAROS6,DISTRIBUIDORA MAYORISTA DE TORNILLOS DE YUCATAN,VAROS6.webp,skip,proveedor sin dominios oficiales configurados,
VAROS5,DISTRIBUIDORA MAYORISTA DE TORNILLOS DE YUCATAN,VAROS5.webp,skip,proveedor sin dominios oficiales configurados,
VAROS19,DISTRIBUIDORA MAYORISTA DE TORNILLOS DE YUCATAN,VAROS19.webp,skip,proveedor sin dominios oficiales configurados,
VAROS10,DISTRIBUIDORA MAYORISTA DE TORNILLOS DE YUCATAN,VAROS10.webp,skip,proveedor sin dominios oficiales configurados,
VAROS8X1,DISTRIBUIDORA MAYORISTA DE TORNILLOS DE YUCATAN,VAROS8X1.webp,skip,proveedor sin dominios oficiales configurados,
VAROS16,DISTRIBUIDORA MAYORISTA DE TORNILLOS DE YUCATAN,VAROS16.webp,skip,proveedor sin dominios oficiales configurados,
AROSOL,"FABRICACION DE HERRAJES DE OCCIDENTE, S.A",AROSOL.webp,skip,sin coincidencia en fuente oficial,
FIGSOLB,"FABRICACION DE HERRAJES DE OCCIDENTE, S.A",FIGSOLB.webp,skip,sin coincidencia en fuente oficial,
REMA610LF,"FERRETERA CANTABRIA, S.A DE C.V",REMA610LF.webp,skip,proveedor sin dominios oficiales configurados,
"BROIRW7/16""","FERRETERA CENTRAL DEL GOLFO, S.A DE C.V",BROIRW7-16.webp,skip,proveedor sin dominios oficiales configurados,
BROCON1/4X6D24365,"FERRETERA CENTRAL DEL GOLFO, S.A DE C.V",BROCON1-4X6D24365.webp,skip,proveedor sin dominios oficiales configurados,
BROCON3/8X12D24418,"FERRETERA CENTRAL DEL GOLFO, S.A DE C.V",BROCON3-8X12D24418.webp,skip,proveedor sin dominios oficiales configurados,
BROCONI3/16X39MM,"FERRETERA CENTRAL DEL GOLFO, S.A DE C.V",BROCONI3-16X39MM.webp,skip,proveedor sin dominios oficiales configurados,
CANPHILLTX-9TETRA,"FERRETERA CENTRAL DEL GOLFO, S.A DE C.V",CANPHILLTX-9TETRA.webp,skip,proveedor sin dominios oficiales configurados,
CHA800FI-AS,"FERRETERA CENTRAL DEL GOLFO, S.A DE C.V",CHA800FI-AS.webp,skip,proveedor sin dominios oficiales configurados,
CHA525DC,"FERRETERA CENTRAL DEL GOLFO, S.A DE C.V",CHA525DC.webp,skip,proveedor sin dominios oficiales configurados,
CORBOSCH,"FERRETERA CENTRAL DEL GOLFO, S.A DE C.V",CORBOSCH.webp,skip,proveedor sin dominios oficiales configurados,
64814,"FERRETERA CENTRAL DEL GOLFO, S.A DE C.V",64814.webp,skip,proveedor sin dominios oficiales configurados,
DFANDG6041/2,"FERRETERA CENTRAL DEL GOLFO, S.A DE C.V",DFANDG6041-2.webp,skip,proveedor sin dominios oficiales configurados,
64815,"FERRETERA CENTRAL DEL GOLFO, S.A DE C.V",64815.webp,skip,proveedor sin dominios oficiales configurados,
DFANDG8041/2,"FERRETERA CENTRAL DEL GOLFO, S.A DE C.V",DFANDG8041-2.webp,skip,proveedor sin dominios oficiales configurados,
DA60M,"FERRETERA CENTRAL DEL GOLFO, S.A DE C.V",DA60M.webp,skip,proveedor sin dominios oficiales configurados,
DG80PFER41/2,"FERRETERA CENTRAL DEL GOLFO, S.A DE C.V",DG80PFER41-2.webp,skip,proveedor sin dominios oficiales configurados,
33611,"FERRETERA CENTRAL DEL GOLFO, S.A DE C.V",33611.webp,skip,proveedor sin dominios oficiales configurados,
14512,"FERRETERA CENTRAL DEL GOLFO, S.A DE C.V",14512.webp,skip,proveedor sin dominios oficiales configurados,
PIS-314,"FERRETERA CENTRAL DEL GOLFO, S.A DE C.V",PIS-314.webp,skip,proveedor sin dominios oficiales configurados,
NIVMAGSTAN,"FERRETERA CENTRAL DEL GOLFO, S.A DE C.V",NIVMAGSTAN.webp,skip,proveedor sin dominios oficiales configurados,
PETEKG1,"FERRETERA CENTRAL DEL GOLFO, S.A DE C.V",PETEKG1.webp,skip,proveedor sin dominios oficiales configurados,
38461,"FERRETERA CENTRAL DEL GOLFO, S.A DE C.V",38461.webp,skip,proveedor sin dominios oficiales configurados,
7356,"FERRETERA CENTRAL DEL GOLFO, S.A DE C.V",7356.webp,skip,proveedor sin dominios oficiales configurados,
RESDBL,"FERRETERA CENTRAL DEL GOLFO, S.A DE C.V",RESDBL.webp,skip,proveedor sin dominios oficiales configurados,
"SEGL6""-24DPP","FERRETERA CENTRAL DEL GOLFO, S.A DE C.V",SEGL6-24DPP.webp,skip,proveedor sin dominios oficiales configurados,
"SICOL1""","FERRETERA CENTRAL DEL GOLFO, S.A DE C.V",SICOL1.webp,skip,proveedor sin dominios oficiales configurados,
"SICOL1""1/4","FERRETERA CENTRAL DEL GOLFO, S.A DE C.V",SICOL1-1-4.webp,skip,proveedor sin dominios oficiales configurados,
"SICOL2""1/2","FERRETERA CENTRAL DEL GOLFO, S.A DE C.V",SICOL2-1-2.webp,skip,proveedor sin dominios oficiales configurados,
"SICOL3""","FERRETERA CENTRAL DEL GOLFO, S.A DE C.V",SICOL3.webp,skip,proveedor sin dominios oficiales configurados,
"SICOL7/8""","FERRETERA CENTRAL DEL GOLFO, S.A DE C.V",SICOL7-8.webp,skip,proveedor sin dominios oficiales configurados,
SILDUR300ML,"FERRETERA CENTRAL DEL GOLFO, S.A DE C.V",SILDUR300ML.webp,skip,proveedor sin dominios oficiales configurados,
SICARSISAB300,"FERRETERA CENTRAL DEL GOLFO, S.A DE C.V",SICARSISAB300.webp,skip,proveedor sin dominios oficiales configurados,
SILDUR95GR,"FERRETERA CENTRAL DEL GOLFO, S.A DE C.V",SILDUR95GR.webp,skip,proveedor sin dominios oficiales configurados,
SILSALCHD600ML,"FERRETERA CENTRAL DEL GOLFO, S.A DE C.V",SILSALCHD600ML.webp,skip,proveedor sin dominios oficiales configurados,
ALACISLAM,"FORJA ARTISTICA RENACIMIENTO, S.A DE C.V",ALACISLAM.webp,skip,sin coincidencia en fuente oficial,
ALAQD,"FORJA ARTISTICA RENACIMIENTO, S.A DE C.V",ALAQD.webp,ok,guardado en /home/rodrigo/Documentos/ProyectosVisual/Catalogo_Digital_Aceros_Pe-ascal/catalogo-web/fotos/ALAQD.webp,https://www.arteferro.com.mx/wp-content/uploads/2016/07/Imagen-207.jpg
ALAQ,"FORJA ARTISTICA RENACIMIENTO, S.A DE C.V",ALAQ.webp,ok,guardado en /home/rodrigo/Documentos/ProyectosVisual/Catalogo_Digital_Aceros_Pe-ascal/catalogo-web/fotos/ALAQ.webp,https://www.arteferro.com.mx/wp-content/uploads/2016/07/Bisagra-corta.jpg
ALAS,"FORJA ARTISTICA RENACIMIENTO, S.A DE C.V",ALAS.webp,ok,guardado en /home/rodrigo/Documentos/ProyectosVisual/Catalogo_Digital_Aceros_Pe-ascal/catalogo-web/fotos/ALAS.webp,https://www.arteferro.com.mx/wp-content/uploads/2016/07/DSC05400.jpg
ANCH,"FORJA ARTISTICA RENACIMIENTO, S.A DE C.V",ANCH.webp,skip,sin coincidencia en fuente oficial,
APACHED,"FORJA ARTISTICA RENACIMIENTO, S.A DE C.V",APACHED.webp,skip,sin coincidencia en fuente oficial,
AROC16,"FORJA ARTISTICA RENACIMIENTO, S.A DE C.V",AROC16.webp,skip,sin coincidencia en fuente oficial,
ARORED10,"FORJA ARTISTICA RENACIMIENTO, S.A DE C.V",ARORED10.webp,skip,sin coincidencia en fuente oficial,
AROSOL5,"FORJA ARTISTICA RENACIMIENTO, S.A DE C.V",AROSOL5.webp,skip,sin coincidencia en fuente oficial,
CALEON,"FORJA ARTISTICA RENACIMIENTO, S.A DE C.V",CALEON.webp,ok,guardado en /home/rodrigo/Documentos/ProyectosVisual/Catalogo_Digital_Aceros_Pe-ascal/catalogo-web/fotos/CALEON.webp,https://www.arteferro.com.mx/wp-content/uploads/2016/07/Imagen-194.jpg
CALOBO,"FORJA ARTISTICA RENACIMIENTO, S.A DE C.V",CALOBO.webp,ok,guardado en /home/rodrigo/Documentos/ProyectosVisual/Catalogo_Digital_Aceros_Pe-ascal/catalogo-web/fotos/CALOBO.webp,https://www.arteferro.com.mx/wp-content/uploads/2016/07/Imagen-194.jpg
CGN5,"FORJA ARTISTICA RENACIMIENTO, S.A DE C.V",CGN5.webp,skip,sin coincidencia en fuente oficial,
CGN7,"FORJA ARTISTICA RENACIMIENTO, S.A DE C.V",CGN7.webp,skip,sin coincidencia en fuente oficial,
CATGHF,"FORJA ARTISTICA RENACIMIENTO, S.A DE C.V",CATGHF.webp,skip,sin coincidencia en fuente oficial,
CHA150,"FORJA ARTISTICA RENACIMIENTO, S.A DE C.V",CHA150.webp,skip,sin coincidencia en fuente oficial,
CONSGDE,"FORJA ARTISTICA RENACIMIENTO, S.A DE C.V",CONSGDE.webp,skip,sin coincidencia en fuente oficial,
COTOD,"FORJA ARTISTICA RENACIMIENTO, S.A DE C.V",COTOD.webp,ok,guardado en /home/rodrigo/Documentos/ProyectosVisual/Catalogo_Digital_Aceros_Pe-ascal/catalogo-web/fotos/COTOD.webp,https://www.arteferro.com.mx/wp-content/uploads/2016/07/Imagen-194.jpg
CRESTA,"FORJA ARTISTICA RENACIMIENTO, S.A DE C.V",CRESTA.webp,skip,sin coincidencia en fuente oficial,
CUCF16,"FORJA ARTISTICA RENACIMIENTO, S.A DE C.V",CUCF16.webp,skip,sin coincidencia en fuente oficial,
ECLGDE,"FORJA ARTISTICA RENACIMIENTO, S.A DE C.V",ECLGDE.webp,skip,sin coincidencia en fuente oficial,
FIG-C14,"FORJA ARTISTICA RENACIMIENTO, S.A DE C.V",FIG-C14.webp,skip,sin coincidencia en fuente oficial,
FIG-C15,"FORJA ARTISTICA RENACIMIENTO, S.A DE C.V",FIG-C15.webp,skip,sin coincidencia en fuente oficial,
FIG-C16,"FORJA ARTISTICA RENACIMIENTO, S.A DE C.V",FIG-C16.webp,skip,sin coincidencia en fuente oficial,
FIG-C5,"FORJA ARTISTICA RENACIMIENTO, S.A DE C.V",FIG-C5.webp,skip,sin coincidencia en fuente oficial,
FIG-C8,"FORJA ARTISTICA RENACIMIENTO, S.A DE C.V",FIG-C8.webp,skip,sin coincidencia en fuente oficial,
FIGB-2,"FORJA ARTISTICA RENACIMIENTO, S.A DE C.V",FIGB-2.webp,skip,sin coincidencia en fuente oficial,
FIGSOLA1,"FORJA ARTISTICA RENACIMIENTO, S.A DE C.V",FIGSOLA1.webp,skip,sin coincidencia en fuente oficial,
FIGSOLA,"FORJA ARTISTICA RENACIMIENTO, S.A DE C.V",FIGSOLA.webp,skip,sin coincidencia en fuente oficial,
FIGSOLC,"FORJA ARTISTICA RENACIMIENTO, S.A DE C.V",FIGSOLC.webp,skip,sin coincidencia en fuente oficial,
FIGSOLCC,"FORJA ARTISTICA RENACIMIENTO, S.A DE C.V",FIGSOLCC.webp,skip,sin coincidencia en fuente oficial,
FIGSOLO,"FORJA ARTISTICA RENACIMIENTO, S.A DE C.V",FIGSOLO.webp,skip,sin coincidencia en fuente oficial,
FIGSOLS1,"FORJA ARTISTICA RENACIMIENTO, S.A DE C.V",FIGSOLS1.webp,skip,sin coincidencia en fuente oficial,
FIGSOLS,"FORJA ARTISTICA RENACIMIENTO, S.A DE C.V",FIGSOLS.webp,skip,sin coincidencia en fuente oficial,
FIGSOLT,"FORJA ARTISTICA RENACIMIENTO, S.A DE C.V",FIGSOLT.webp,skip,sin coincidencia en fuente oficial,
FIGSOLW1,"FORJA ARTISTICA RENACIMIENTO, S.A DE C.V",FIGSOLW1.webp,skip,sin coincidencia en fuente oficial,
FIGSOLW,"FORJA ARTISTICA RENACIMIENTO, S.A DE C.V",FIGSOLW.webp,skip,sin coincidencia en fuente oficial,
FIGSOLT1,"FORJA ARTISTICA RENACIMIENTO, S.A DE C.V",FIGSOLT1.webp,skip,sin coincidencia en fuente oficial,
FCAC,"FORJA ARTISTICA RENACIMIENTO, S.A DE C.V",FCAC.webp,skip,sin coincidencia en fuente oficial,
FLORROM1,"FORJA ARTISTICA RENACIMIENTO, S.A DE C.V",FLORROM1.webp,skip,sin coincidencia en fuente oficial,
FLORROM2,"FORJA ARTISTICA RENACIMIENTO, S.A DE C.V",FLORROM2.webp,skip,sin coincidencia en fuente oficial,
GALLOI,"FORJA ARTISTICA RENACIMIENTO, S.A DE C.V",GALLOI.webp,ok,guardado en /home/rodrigo/Documentos/ProyectosVisual/Catalogo_Digital_Aceros_Pe-ascal/catalogo-web/fotos/GALLOI.webp,https://www.arteferro.com.mx/wp-content/uploads/2016/07/Imagen-207.jpg
GRA2C25,"FORJA ARTISTICA RENACIMIENTO, S.A DE C.V",GRA2C25.webp,skip,sin coincidencia en fuente oficial,
HDURAZ,"FORJA ARTISTICA RENACIMIENTO, S.A DE C.V",HDURAZ.webp,skip,sin coincidencia en fuente oficial,
HEUCA,"FORJA ARTISTICA RENACIMIENTO, S.A DE C.V",HEUCA.webp,skip,sin coincidencia en fuente oficial,
HHELECHO,"FORJA ARTISTICA RENACIMIENTO, S.A DE C.V",HHELECHO.webp,skip,sin coincidencia en fuente oficial,
HOLIVO,"FORJA ARTISTICA RENACIMIENTO, S.A DE C.V",HOLIVO.webp,skip,sin coincidencia en fuente oficial,
HVIÑA,"FORJA ARTISTICA RENACIMIENTO, S.A DE C.V",HVINA.webp,skip,sin coincidencia en fuente oficial,
HJULIETA,"FORJA ARTISTICA RENACIMIENTO, S.A DE C.V",HJULIETA.webp,skip,sin coincidencia en fuente oficial,
JINLAM,"FORJA ARTISTICA RENACIMIENTO, S.A DE C.V",JINLAM.webp,skip,sin coincidencia en fuente oficial,
LUCH,"FORJA ARTISTICA RENACIMIENTO, S.A DE C.V",LUCH.webp,skip,sin coincidencia en fuente oficial,
LUGD,"FORJA ARTISTICA RENACIMIENTO, S.A DE C.V",LUGD.webp,skip,sin coincidencia en fuente oficial,
MAGN,"FORJA ARTISTICA RENACIMIENTO, S.A DE C.V",MAGN.webp,skip,sin coincidencia en fuente oficial,
MODC1,"FORJA ARTISTICA RENACIMIENTO, S.A DE C.V",MODC1.webp,skip,sin coincidencia en fuente oficial,
MODC15,"FORJA ARTISTICA RENACIMIENTO, S.A DE C.V",MODC15.webp,skip,sin coincidencia en fuente oficial,
MODC2,"FORJA ARTISTICA RENACIMIENTO, S.A DE C.V",MODC2.webp,skip,sin coincidencia en fuente oficial,
MODC3,"FORJA ARTISTICA RENACIMIENTO, S.A DE C.V",MODC3.webp,skip,sin coincidencia en fuente oficial,
MODULO29,"FORJA ARTISTICA RENACIMIENTO, S.A DE C.V",MODULO29.webp,skip,sin coincidencia en fuente oficial,
MODULO30,"FORJA ARTISTICA RENACIMIENTO, S.A DE C.V",MODULO30.webp,skip,sin coincidencia en fuente oficial,
NIDO,"FORJA ARTISTICA RENACIMIENTO, S.A DE C.V",NIDO.webp,skip,sin coincidencia en fuente oficial,
PALCH,"FORJA ARTISTICA RENACIMIENTO, S.A DE C.V",PALCH.webp,skip,sin coincidencia en fuente oficial,
PALG,"FORJA ARTISTICA RENACIMIENTO, S.A DE C.V",PALG.webp,skip,sin coincidencia en fuente oficial,
PANT01,"FORJA ARTISTICA RENACIMIENTO, S.A DE C.V",PANT01.webp,skip,sin coincidencia en fuente oficial,
PANT011.22,"FORJA ARTISTICA RENACIMIENTO, S.A DE C.V",PANT011-22.webp,skip,sin coincidencia en fuente oficial,
PANT02,"FORJA ARTISTICA RENACIMIENTO, S.A DE C.V",PANT02.webp,skip,sin coincidencia en fuente oficial,
PANT021.22,"FORJA ARTISTICA RENACIMIENTO, S.A DE C.V",PANT021-22.webp,skip,sin coincidencia en fuente oficial,
PANT03,"FORJA ARTISTICA RENACIMIENTO, S.A DE C.V",PANT03.webp,skip,sin coincidencia en fuente oficial,
PANT04,"FORJA ARTISTICA RENACIMIENTO, S.A DE C.V",PANT04.webp,skip,sin coincidencia en fuente oficial,
PANT041.22,"FORJA ARTISTICA RENACIMIENTO, S.A DE C.V",PANT041-22.webp,skip,sin coincidencia en fuente oficial,
PANT05,"FORJA ARTISTICA RENACIMIENTO, S.A DE C.V",PANT05.webp,skip,sin coincidencia en fuente oficial,
PANT051.22,"FORJA ARTISTICA RENACIMIENTO, S.A DE C.V",PANT051-22.webp,skip,sin coincidencia en fuente oficial,
PANT06,"FORJA ARTISTICA RENACIMIENTO, S.A DE C.V",PANT06.webp,skip,sin coincidencia en fuente oficial,
PANT061.22,"FORJA ARTISTICA RENACIMIENTO, S.A DE C.V",PANT061-22.webp,skip,sin coincidencia en fuente oficial,
PANT08,"FORJA ARTISTICA RENACIMIENTO, S.A DE C.V",PANT08.webp,skip,sin coincidencia en fuente oficial,
PANT081.22,"FORJA ARTISTICA RENACIMIENTO, S.A DE C.V",PANT081-22.webp,skip,sin coincidencia en fuente oficial,
PANT09,"FORJA ARTISTICA RENACIMIENTO, S.A DE C.V",PANT09.webp,skip,sin coincidencia en fuente oficial,
PANT091.22,"FORJA ARTISTICA RENACIMIENTO, S.A DE C.V",PANT091-22.webp,skip,sin coincidencia en fuente oficial,
PANT10,"FORJA ARTISTICA RENACIMIENTO, S.A DE C.V",PANT10.webp,skip,sin coincidencia en fuente oficial,
PANT101.22,"FORJA ARTISTICA RENACIMIENTO, S.A DE C.V",PANT101-22.webp,skip,sin coincidencia en fuente oficial,
"PASR12""","FORJA ARTISTICA RENACIMIENTO, S.A DE C.V",PASR12.webp,skip,sin coincidencia en fuente oficial,
PLACAB,"FORJA ARTISTICA RENACIMIENTO, S.A DE C.V",PLACAB.webp,skip,sin coincidencia en fuente oficial,
PLA4,"FORJA ARTISTICA RENACIMIENTO, S.A DE C.V",PLA4.webp,skip,sin coincidencia en fuente oficial,
PLAB12,"FORJA ARTISTICA RENACIMIENTO, S.A DE C.V",PLAB12.webp,skip,sin coincidencia en fuente oficial,
PLA1,"FORJA ARTISTICA RENACIMIENTO, S.A DE C.V",PLA1.webp,skip,sin coincidencia en fuente oficial,
PLA3,"FORJA ARTISTICA RENACIMIENTO, S.A DE C.V",PLA3.webp,skip,sin coincidencia en fuente oficial,
PLA2,"FORJA ARTISTICA RENACIMIENTO, S.A DE C.V",PLA2.webp,ok,guardado en /home/rodrigo/Documentos/ProyectosVisual/Catalogo_Digital_Aceros_Pe-ascal/catalogo-web/fotos/PLA2.webp,https://www.arteferro.com.mx/wp-content/uploads/2016/07/Imagen-194.jpg
PLA6,"FORJA ARTISTICA RENACIMIENTO, S.A DE C.V",PLA6.webp,skip,sin coincidencia en fuente oficial,
PUNORIEN,"FORJA ARTISTICA RENACIMIENTO, S.A DE C.V",PUNORIEN.webp,skip,sin coincidencia en fuente oficial,
RETD,"FORJA ARTISTICA RENACIMIENTO, S.A DE C.V",RETD.webp,ok,guardado en /home/rodrigo/Documentos/ProyectosVisual/Catalogo_Digital_Aceros_Pe-ascal/catalogo-web/fotos/RETD.webp,https://www.arteferro.com.mx/wp-content/uploads/2016/07/Imagen-194.jpg
RETI,"FORJA ARTISTICA RENACIMIENTO, S.A DE C.V",RETI.webp,ok,guardado en /home/rodrigo/Documentos/ProyectosVisual/Catalogo_Digital_Aceros_Pe-ascal/catalogo-web/fotos/RETI.webp,https://www.arteferro.com.mx/wp-content/uploads/2016/07/1.jpg
ROSETECLI,"FORJA ARTISTICA RENACIMIENTO, S.A DE C.V",ROSETECLI.webp,skip,sin coincidencia en fuente oficial,
ROSETP,"FORJA ARTISTICA RENACIMIENTO, S.A DE C.V",ROSETP.webp,skip,sin coincidencia en fuente oficial,
SOLCH,"FORJA ARTISTICA RENACIMIENTO, S.A DE C.V",SOLCH.webp,skip,sin coincidencia en fuente oficial,
SOLG,"FORJA ARTISTICA RENACIMIENTO, S.A DE C.V",SOLG.webp,skip,sin coincidencia en fuente oficial,
SOLMED,"FORJA ARTISTICA RENACIMIENTO, S.A DE C.V",SOLMED.webp,ok,guardado en /home/rodrigo/Documentos/ProyectosVisual/Catalogo_Digital_Aceros_Pe-ascal/catalogo-web/fotos/SOLMED.webp,https://www.arteferro.com.mx/wp-content/uploads/2016/07/Imagen-194.jpg
SOLART,"FORJA ARTISTICA RENACIMIENTO, S.A DE C.V",SOLART.webp,skip,sin coincidencia en fuente oficial,
SOM,"FORJA ARTISTICA RENACIMIENTO, S.A DE C.V",SOM.webp,skip,sin coincidencia en fuente oficial,
SP6,"FORJA ARTISTICA RENACIMIENTO, S.A DE C.V",SP6.webp,skip,sin coincidencia en fuente oficial,
SP10,"FORJA ARTISTICA RENACIMIENTO, S.A DE C.V",SP10.webp,skip,sin coincidencia en fuente oficial,
SP11,"FORJA ARTISTICA RENACIMIENTO, S.A DE C.V",SP11.webp,skip,sin coincidencia en fuente oficial,
SP12,"FORJA ARTISTICA RENACIMIENTO, S.A DE C.V",SP12.webp,skip,sin coincidencia en fuente oficial,
SP13,"FORJA ARTISTICA RENACIMIENTO, S.A DE C.V",SP13.webp,skip,sin coincidencia en fuente oficial,
SP14,"FORJA ARTISTICA RENACIMIENTO, S.A DE C.V",SP14.webp,skip,sin coincidencia en fuente oficial,
SP17,"FORJA ARTISTICA RENACIMIENTO, S.A DE C.V",SP17.webp,skip,sin coincidencia en fuente oficial,
SP3,"FORJA ARTISTICA RENACIMIENTO, S.A DE C.V",SP3.webp,skip,sin coincidencia en fuente oficial,
SP4,"FORJA ARTISTICA RENACIMIENTO, S.A DE C.V",SP4.webp,skip,sin coincidencia en fuente oficial,
SP5,"FORJA ARTISTICA RENACIMIENTO, S.A DE C.V",SP5.webp,skip,sin coincidencia en fuente oficial,
SP9,"FORJA ARTISTICA RENACIMIENTO, S.A DE C.V",SP9.webp,skip,sin coincidencia en fuente oficial,
SP7,"FORJA ARTISTICA RENACIMIENTO, S.A DE C.V",SP7.webp,skip,sin coincidencia en fuente oficial,
SZAP32,"FORJA ARTISTICA RENACIMIENTO, S.A DE C.V",SZAP32.webp,skip,sin coincidencia en fuente oficial,
TORO,"FORJA ARTISTICA RENACIMIENTO, S.A DE C.V",TORO.webp,skip,sin coincidencia en fuente oficial,
TREBSOL,"FORJA ARTISTICA RENACIMIENTO, S.A DE C.V",TREBSOL.webp,skip,sin coincidencia en fuente oficial,
TUCAN,"FORJA ARTISTICA RENACIMIENTO, S.A DE C.V",TUCAN.webp,skip,sin coincidencia en fuente oficial,
VART13,"FORJA ARTISTICA RENACIMIENTO, S.A DE C.V",VART13.webp,skip,sin coincidencia en fuente oficial,
VIRGEN,"FORJA ARTISTICA RENACIMIENTO, S.A DE C.V",VIRGEN.webp,ok,guardado en /home/rodrigo/Documentos/ProyectosVisual/Catalogo_Digital_Aceros_Pe-ascal/catalogo-web/fotos/VIRGEN.webp,https://www.arteferro.com.mx/wp-content/uploads/2016/07/Imagen-207.jpg
VIRGENMED,"FORJA ARTISTICA RENACIMIENTO, S.A DE C.V",VIRGENMED.webp,skip,sin coincidencia en fuente oficial,
PLA138X40,"FORTACERO,S.A DE C.V",PLA138X40.webp,skip,sin coincidencia en fuente oficial,
VIGA12X4(20.9KG),"FORTACERO,S.A DE C.V",VIGA12X4-20-9KG.webp,ok,guardado en /home/rodrigo/Documentos/ProyectosVisual/Catalogo_Digital_Aceros_Pe-ascal/catalogo-web/fotos/VIGA12X4-20-9KG.webp,https://www.fortacero.com/wp-content/uploads/2023/10/Catalogo-general-grande-2023.png
VIGAH4X4(19.3KG/MTS),"FORTACERO,S.A DE C.V",VIGAH4X4-19-3KG-MTS.webp,ok,guardado en /home/rodrigo/Documentos/ProyectosVisual/Catalogo_Digital_Aceros_Pe-ascal/catalogo-web/fotos/VIGAH4X4-19-3KG-MTS.webp,https://www.fortacero.com/wp-content/uploads/2016/08/fortacero-canales-cps.jpg
VIGAH6X22.4KGS.,"FORTACERO,S.A DE C.V",VIGAH6X22-4KGS.webp,skip,sin coincidencia en fuente oficial,
VIGA16X7(67.10KG),"FORTACERO,S.A DE C.V",VIGA16X7-67-10KG.webp,skip,sin coincidencia en fuente oficial,
VIGA16X7(74.40KG),"FORTACERO,S.A DE C.V",VIGA16X7-74-40KG.webp,ok,guardado en /home/rodrigo/Documentos/ProyectosVisual/Catalogo_Digital_Aceros_Pe-ascal/catalogo-web/fotos/VIGA16X7-74-40KG.webp,https://www.fortacero.com/wp-content/uploads/2023/10/Catalogo-general-grande-2023.png
VIGA6X4(12.60KG),"FORTACERO,S.A DE C.V",VIGA6X4-12-60KG.webp,skip,sin coincidencia en fuente oficial,
VIGA6X4(17.90KG),"FORTACERO,S.A DE C.V",VIGA6X4-17-90KG.webp,skip,sin coincidencia en fuente oficial,
VIGA8X4-14.90A12.20,"FORTACERO,S.A DE C.V",VIGA8X4-14-90A12-20.webp,skip,sin coincidencia en fuente oficial,
VIGA8X4(19.5KG)12.20,"FORTACERO,S.A DE C.V",VIGA8X4-19-5KG-12-20.webp,skip,sin coincidencia en fuente oficial,
APCOGRI,GABRIEL REYES GOMEZ,APCOGRI.webp,skip,sin coincidencia en fuente oficial,
CABALLOFC,GABRIEL REYES GOMEZ,CABALLOFC.webp,skip,sin coincidencia en fuente oficial,
CABTCH,GABRIEL REYES GOMEZ,CABTCH.webp,ok,guardado en /home/rodrigo/Documentos/ProyectosVisual/Catalogo_Digital_Aceros_Pe-ascal/catalogo-web/fotos/CABTCH.webp,https://www.arteferro.com.mx/wp-content/uploads/2016/07/Bisagra-corta.jpg
ESLALUMCEN,GABRIEL REYES GOMEZ,ESLALUMCEN.webp,skip,sin coincidencia en fuente oficial,
ESGA4,GABRIEL REYES GOMEZ,ESGA4.webp,skip,sin coincidencia en fuente oficial,
FIGFCA,GABRIEL REYES GOMEZ,FIGFCA.webp,skip,sin coincidencia en fuente oficial,
FIGFCP/C16,GABRIEL REYES GOMEZ,FIGFCP-C16.webp,skip,sin coincidencia en fuente oficial,
JABLVE,GABRIEL REYES GOMEZ,JABLVE.webp,skip,sin coincidencia en fuente oficial,
MANCOMIZQ,GABRIEL REYES GOMEZ,MANCOMIZQ.webp,skip,sin coincidencia en fuente oficial,
PORCANC,GABRIEL REYES GOMEZ,PORCANC.webp,skip,sin coincidencia en fuente oficial,
RESAN2X2.5CAL8,GABRIEL REYES GOMEZ,RESAN2X2-5CAL8.webp,skip,sin coincidencia en fuente oficial,
RESAN2.5X2.5C6,GABRIEL REYES GOMEZ,RESAN2-5X2-5C6.webp,skip,sin coincidencia en fuente oficial,
SOLPERC13,GABRIEL REYES GOMEZ,SOLPERC13.webp,skip,sin coincidencia en fuente oficial,
SOLPERC16,GABRIEL REYES GOMEZ,SOLPERC16.webp,skip,sin coincidencia en fuente oficial,
SOLPERR13,GABRIEL REYES GOMEZ,SOLPERR13.webp,skip,sin coincidencia en fuente oficial,
SOLPERR16,GABRIEL REYES GOMEZ,SOLPERR16.webp,skip,sin coincidencia en fuente oficial,
TOPUGR,GABRIEL REYES GOMEZ,TOPUGR.webp,skip,sin coincidencia en fuente oficial,
LLLECH,GABRIEL REYES GOMEZ,LLLECH.webp,skip,sin coincidencia en fuente oficial,
VENCHIDER,GABRIEL REYES GOMEZ,VENCHIDER.webp,skip,sin coincidencia en fuente oficial,
VENCHIIZQ,GABRIEL REYES GOMEZ,VENCHIIZQ.webp,skip,sin coincidencia en fuente oficial,
LGZR4.27E,"GALVATUBING,S.A DE C.V",LGZR4-27E.webp,skip,proveedor sin dominios oficiales configurados,
CAAGUC24,"GRUPO CORPORATIVO URGUT, S.A DE C.V",CAAGUC24.webp,skip,proveedor sin dominios oficiales configurados,
DUE2X1.22,"GRUPO INDUSTRIAL GARCIASTEEL,S.A DE C.V",DUE2X1-22.webp,skip,sin coincidencia en fuente oficial,
DUE3X1.83,"GRUPO INDUSTRIAL GARCIASTEEL,S.A DE C.V",DUE3X1-83.webp,skip,sin coincidencia en fuente oficial,
DUE2X1.05,"GRUPO INDUSTRIAL GARCIASTEEL,S.A DE C.V",DUE2X1-05.webp,skip,sin coincidencia en fuente oficial,
PZALE,"GRUPO INDUSTRIAL GARCIASTEEL,S.A DE C.V",PZALE.webp,skip,sin coincidencia en fuente oficial,
TACASC3X6,"GRUPO INDUSTRIAL GARCIASTEEL,S.A DE C.V",TACASC3X6.webp,skip,sin coincidencia en fuente oficial,
TACAV3X6,"GRUPO INDUSTRIAL GARCIASTEEL,S.A DE C.V",TACAV3X6.webp,skip,sin coincidencia en fuente oficial,
TACASCG3X320,"GRUPO INDUSTRIAL GARCIASTEEL,S.A DE C.V",TACASCG3X320.webp,skip,sin coincidencia en fuente oficial,
TACAV3X3,"GRUPO INDUSTRIAL GARCIASTEEL,S.A DE C.V",TACAV3X3.webp,skip,sin coincidencia en fuente oficial,
TACASL3X6,"GRUPO INDUSTRIAL GARCIASTEEL,S.A DE C.V",TACASL3X6.webp,skip,sin coincidencia en fuente oficial,
TACASL3X3,"GRUPO INDUSTRIAL GARCIASTEEL,S.A DE C.V",TACASL3X3.webp,skip,sin coincidencia en fuente oficial,
TACASL4X3,"GRUPO INDUSTRIAL GARCIASTEEL,S.A DE C.V",TACASL4X3.webp,skip,sin coincidencia en fuente oficial,
TACASL4X6,"GRUPO INDUSTRIAL GARCIASTEEL,S.A DE C.V",TACASL4X6.webp,skip,sin coincidencia en fuente oficial,
TACASCG3X322,"GRUPO INDUSTRIAL GARCIASTEEL,S.A DE C.V",TACASCG3X322.webp,skip,sin coincidencia en fuente oficial,
TACASCG3X620,"GRUPO INDUSTRIAL GARCIASTEEL,S.A DE C.V",TACASCG3X620.webp,skip,sin coincidencia en fuente oficial,
MALLACI1.50CAL.12.50,"INDUSTRIAL DE ALAMBRES, S.A DE C.V",MALLACI1-50CAL-12-50.webp,skip,proveedor sin dominios oficiales configurados,
MALLACI1.75CAL.12.50,"INDUSTRIAL DE ALAMBRES, S.A DE C.V",MALLACI1-75CAL-12-50.webp,skip,proveedor sin dominios oficiales configurados,
BOQP/CORT-4157,"INFRA, S.A DE C.V",BOQP-CORT-4157.webp,skip,sin coincidencia en fuente oficial,
BOQUILLA,"INFRA, S.A DE C.V",BOQUILLA.webp,skip,sin coincidencia en fuente oficial,
BOQP/CORT-4158,"INFRA, S.A DE C.V",BOQP-CORT-4158.webp,skip,sin coincidencia en fuente oficial,
MASSEN,"INFRA, S.A DE C.V",MASSEN.webp,skip,sin coincidencia en fuente oficial,
MPS12,"INFRA, S.A DE C.V",MPS12.webp,skip,sin coincidencia en fuente oficial,
MICA2.5D,"INFRA, S.A DE C.V",MICA2-5D.webp,skip,sin coincidencia en fuente oficial,
MICA1.5D,"INFRA, S.A DE C.V",MICA1-5D.webp,skip,sin coincidencia en fuente oficial,
PE300,"INFRA, S.A DE C.V",PE300.webp,ok,guardado en /home/rodrigo/Documentos/ProyectosVisual/Catalogo_Digital_Aceros_Pe-ascal/catalogo-web/fotos/PE300.webp,https://grupoinfra.com/landings/html/exportaciones/images/welding-machines-arctron-285-hf.jpg
MAN-500,"INFRA, S.A DE C.V",MAN-500.webp,error,procesamiento fallido: cannot identify image file <_io.BytesIO object at 0x7ff919d50db0>,https://grupoinfra.com/_ipx/w_320&q_80/logo-cryoinfra.svg
SOLACINOX,"INFRA, S.A DE C.V",SOLACINOX.webp,skip,sin coincidencia en fuente oficial,
SOLFOCOE,"INFRA, S.A DE C.V",SOLFOCOE.webp,skip,sin coincidencia en fuente oficial,
ZAP300,"INFRA, S.A DE C.V",ZAP300.webp,skip,sin coincidencia en fuente oficial,
AXT-SP250EC,"INTERNACIONAL TOOL COMPANY, S.A DE C.V",AXT-SP250EC.webp,skip,proveedor sin dominios oficiales configurados,
R101P4.27,LAMINAS ECOGREEN,R101P4-27.webp,skip,proveedor sin dominios oficiales configurados,
R101P6.10,LAMINAS ECOGREEN,R101P6-10.webp,skip,proveedor sin dominios oficiales configurados,
LAR3.66,"LAMINAS ECONOMICAS TRANSPARENTES, S.A DE C.V",LAR3-66.webp,skip,proveedor sin dominios oficiales configurados,
LAR4.27,"LAMINAS ECONOMICAS TRANSPARENTES, S.A DE C.V",LAR4-27.webp,skip,proveedor sin dominios oficiales configurados,
LAR5.50,"LAMINAS ECONOMICAS TRANSPARENTES, S.A DE C.V",LAR5-50.webp,skip,proveedor sin dominios oficiales configurados,
BPVC2.95M,LAMINAS Y ESTRUCTURAS DE PVC,BPVC2-95M.webp,skip,proveedor sin dominios oficiales configurados,
BPVC4M,LAMINAS Y ESTRUCTURAS DE PVC,BPVC4M.webp,skip,proveedor sin dominios oficiales configurados,
CCENTRAL,LAMINAS Y ESTRUCTURAS DE PVC,CCENTRAL.webp,skip,proveedor sin dominios oficiales configurados,
CAPVC2.95M,LAMINAS Y ESTRUCTURAS DE PVC,CAPVC2-95M.webp,skip,proveedor sin dominios oficiales configurados,
DUELZ13E,"LAMITEC,S.A DE C.V",DUELZ13E.webp,skip,proveedor sin dominios oficiales configurados,
DUELZ12X.915CH,"LAMITEC,S.A DE C.V",DUELZ12X-915CH.webp,skip,proveedor sin dominios oficiales configurados,
DUELZ14X1.83RCH,"LAMITEC,S.A DE C.V",DUELZ14X1-83RCH.webp,skip,proveedor sin dominios oficiales configurados,
DUELZ19X2.44RCH,"LAMITEC,S.A DE C.V",DUELZ19X2-44RCH.webp,skip,proveedor sin dominios oficiales configurados,
DUELZ3X.915FR,"LAMITEC,S.A DE C.V",DUELZ3X-915FR.webp,skip,proveedor sin dominios oficiales configurados,
DUELZ36X2.44CH,"LAMITEC,S.A DE C.V",DUELZ36X2-44CH.webp,skip,proveedor sin dominios oficiales configurados,
DUELZ43M,"LAMITEC,S.A DE C.V",DUELZ43M.webp,skip,proveedor sin dominios oficiales configurados,
DUELZ56MC,"LAMITEC,S.A DE C.V",DUELZ56MC.webp,skip,proveedor sin dominios oficiales configurados,
DUEL56EC,"LAMITEC,S.A DE C.V",DUEL56EC.webp,skip,proveedor sin dominios oficiales configurados,
DUELZ7X2.44FC,"LAMITEC,S.A DE C.V",DUELZ7X2-44FC.webp,skip,proveedor sin dominios oficiales configurados,
DUELZ86M,"LAMITEC,S.A DE C.V",DUELZ86M.webp,skip,proveedor sin dominios oficiales configurados,
DUELZ58,"LAMITEC,S.A DE C.V",DUELZ58.webp,skip,proveedor sin dominios oficiales configurados,
DUELZ13,"LAMITEC,S.A DE C.V",DUELZ13.webp,skip,proveedor sin dominios oficiales configurados,
DUELZ36,"LAMITEC,S.A DE C.V",DUELZ36.webp,skip,proveedor sin dominios oficiales configurados,
DUELZ48,"LAMITEC,S.A DE C.V",DUELZ48.webp,skip,proveedor sin dominios oficiales configurados,
DT100-100,"LAMITEC,S.A DE C.V",DT100-100.webp,skip,proveedor sin dominios oficiales configurados,
DT20-065,"LAMITEC,S.A DE C.V",DT20-065.webp,skip,proveedor sin dominios oficiales configurados,
DLG-AL080,"LAMITEC,S.A DE C.V",DLG-AL080.webp,skip,proveedor sin dominios oficiales configurados,
DLG-AL100,"LAMITEC,S.A DE C.V",DLG-AL100.webp,skip,proveedor sin dominios oficiales configurados,
DT40-065,"LAMITEC,S.A DE C.V",DT40-065.webp,skip,proveedor sin dominios oficiales configurados,
DT40-100,"LAMITEC,S.A DE C.V",DT40-100.webp,skip,proveedor sin dominios oficiales configurados,
DT060-100,"LAMITEC,S.A DE C.V",DT060-100.webp,skip,proveedor sin dominios oficiales configurados,
DT80-065,"LAMITEC,S.A DE C.V",DT80-065.webp,skip,proveedor sin dominios oficiales configurados,
DT080-100,"LAMITEC,S.A DE C.V",DT080-100.webp,skip,proveedor sin dominios oficiales configurados,
DUELZ86,"LAMITEC,S.A DE C.V",DUELZ86.webp,skip,proveedor sin dominios oficiales configurados,
DUELZ96.5,"LAMITEC,S.A DE C.V",DUELZ96-5.webp,skip,proveedor sin dominios oficiales configurados,
DUELZ118,"LAMITEC,S.A DE C.V",DUELZ118.webp,skip,proveedor sin dominios oficiales configurados,
DUELZ1410,"LAMITEC,S.A DE C.V",DUELZ1410.webp,skip,proveedor sin dominios oficiales configurados,
DUELZ33,"LAMITEC,S.A DE C.V",DUELZ33.webp,skip,proveedor sin dominios oficiales configurados,
DUELZ43,"LAMITEC,S.A DE C.V",DUELZ43.webp,skip,proveedor sin dominios oficiales configurados,
DUEZ5X1.22SQ,"LAMITEC,S.A DE C.V",DUEZ5X1-22SQ.webp,skip,proveedor sin dominios oficiales configurados,
DUELZ56.50,"LAMITEC,S.A DE C.V",DUELZ56-50.webp,skip,proveedor sin dominios oficiales configurados,
DUELZ78,"LAMITEC,S.A DE C.V",DUELZ78.webp,skip,proveedor sin dominios oficiales configurados,
DUELZ780,"LAMITEC,S.A DE C.V",DUELZ780.webp,skip,proveedor sin dominios oficiales configurados,
DUELZ9100,"LAMITEC,S.A DE C.V",DUELZ9100.webp,skip,proveedor sin dominios oficiales configurados,
CABLE2,"LINCOLN ELECTRIC MANUFACTURA, S.A DE C.V",CABLE2.webp,skip,sin coincidencia en fuente oficial,
GIS,"LINCOLN ELECTRIC MANUFACTURA, S.A DE C.V",GIS.webp,skip,sin coincidencia en fuente oficial,
TT300REDFFB,"LINCOLN ELECTRIC MANUFACTURA, S.A DE C.V",TT300REDFFB.webp,skip,sin coincidencia en fuente oficial,
ZAPP/C2/0,"LINCOLN ELECTRIC MANUFACTURA, S.A DE C.V",ZAPP-C2-0.webp,skip,sin coincidencia en fuente oficial,
MEDE1522,METALES DESPLEGADOS S.A DE C.V,MEDE1522.webp,skip,proveedor sin dominios oficiales configurados,
MEDE1920,METALES DESPLEGADOS S.A DE C.V,MEDE1920.webp,skip,proveedor sin dominios oficiales configurados,
MEDE2018,METALES DESPLEGADOS S.A DE C.V,MEDE2018.webp,skip,proveedor sin dominios oficiales configurados,
MEDE42018,METALES DESPLEGADOS S.A DE C.V,MEDE42018.webp,skip,proveedor sin dominios oficiales configurados,
MEDE2116,METALES DESPLEGADOS S.A DE C.V,MEDE2116.webp,skip,proveedor sin dominios oficiales configurados,
MEDE43220,METALES DESPLEGADOS S.A DE C.V,MEDE43220.webp,skip,proveedor sin dominios oficiales configurados,
MEDE3416,METALES DESPLEGADOS S.A DE C.V,MEDE3416.webp,skip,proveedor sin dominios oficiales configurados,
MEDE43416,METALES DESPLEGADOS S.A DE C.V,MEDE43416.webp,skip,proveedor sin dominios oficiales configurados,
MEDE43914,METALES DESPLEGADOS S.A DE C.V,MEDE43914.webp,skip,proveedor sin dominios oficiales configurados,
MEDE4012,METALES DESPLEGADOS S.A DE C.V,MEDE4012.webp,skip,proveedor sin dominios oficiales configurados,
MEDE44012,METALES DESPLEGADOS S.A DE C.V,MEDE44012.webp,skip,proveedor sin dominios oficiales configurados,
MEDE4012L,METALES DESPLEGADOS S.A DE C.V,MEDE4012L.webp,skip,proveedor sin dominios oficiales configurados,
MEDE4810,METALES DESPLEGADOS S.A DE C.V,MEDE4810.webp,skip,proveedor sin dominios oficiales configurados,
044A,MOISES JUAREZ MORALES,044A.webp,skip,sin coincidencia en fuente oficial,
043A,MOISES JUAREZ MORALES,043A.webp,skip,sin coincidencia en fuente oficial,
105A,MOISES JUAREZ MORALES,105A.webp,skip,sin coincidencia en fuente oficial,
042A,MOISES JUAREZ MORALES,042A.webp,skip,sin coincidencia en fuente oficial,
034A,MOISES JUAREZ MORALES,034A.webp,skip,sin coincidencia en fuente oficial,
045A,MOISES JUAREZ MORALES,045A.webp,skip,sin coincidencia en fuente oficial,
104A,MOISES JUAREZ MORALES,104A.webp,skip,sin coincidencia en fuente oficial,
301A,MOISES JUAREZ MORALES,301A.webp,skip,sin coincidencia en fuente oficial,
HSS4X41/4-12.20,"PAPALOTES FELIZARDO ELIZONDO GUAJARDO,S.A DE C.V",HSS4X41-4-12-20.webp,skip,proveedor sin dominios oficiales configurados,
ZM300,"PERFILES LM, S.A DE C.V",ZM300.webp,skip,sin coincidencia en fuente oficial,
PLA136X20,"PERFILES LM, S.A DE C.V",PLA136X20.webp,skip,sin coincidencia en fuente oficial,
AGUILA,"PERFILES Y HERRAJES VARGAS, S.A DE C.V",AGUILA.webp,skip,sin coincidencia en fuente oficial,
BIBELGIGN,"PERFILES Y HERRAJES VARGAS, S.A DE C.V",BIBELGIGN.webp,skip,sin coincidencia en fuente oficial,
BIBELMEDLIGHT,"PERFILES Y HERRAJES VARGAS, S.A DE C.V",BIBELMEDLIGHT.webp,skip,sin coincidencia en fuente oficial,
BROCA7/64,"PERFILES Y HERRAJES VARGAS, S.A DE C.V",BROCA7-64.webp,skip,sin coincidencia en fuente oficial,
ARCAP001,"PERFILES Y HERRAJES VARGAS, S.A DE C.V",ARCAP001.webp,skip,sin coincidencia en fuente oficial,
CAR-EWHM44,"PERFILES Y HERRAJES VARGAS, S.A DE C.V",CAR-EWHM44.webp,skip,sin coincidencia en fuente oficial,
CATVARGAS,"PERFILES Y HERRAJES VARGAS, S.A DE C.V",CATVARGAS.webp,skip,sin coincidencia en fuente oficial,
CERDO,"PERFILES Y HERRAJES VARGAS, S.A DE C.V",CERDO.webp,skip,sin coincidencia en fuente oficial,
CHAVAS075IFI,"PERFILES Y HERRAJES VARGAS, S.A DE C.V",CHAVAS075IFI.webp,skip,sin coincidencia en fuente oficial,
CER-F90D,"PERFILES Y HERRAJES VARGAS, S.A DE C.V",CER-F90D.webp,skip,sin coincidencia en fuente oficial,
CHAV625IFD,"PERFILES Y HERRAJES VARGAS, S.A DE C.V",CHAV625IFD.webp,ok,guardado en /home/rodrigo/Documentos/ProyectosVisual/Catalogo_Digital_Aceros_Pe-ascal/catalogo-web/fotos/CHAV625IFD.webp,https://cascar.mx/wp-content/uploads/2022/10/mordaza-doble-cilindro1-PhotoRoom-600x600.png
ELESOL,"PERFILES Y HERRAJES VARGAS, S.A DE C.V",ELESOL.webp,skip,sin coincidencia en fuente oficial,
ESMBCO,"PERFILES Y HERRAJES VARGAS, S.A DE C.V",ESMBCO.webp,skip,sin coincidencia en fuente oficial,
ESMNESR238,"PERFILES Y HERRAJES VARGAS, S.A DE C.V",ESMNESR238.webp,skip,sin coincidencia en fuente oficial,
GAR-12,"PERFILES Y HERRAJES VARGAS, S.A DE C.V",GAR-12.webp,skip,sin coincidencia en fuente oficial,
GARS12,"PERFILES Y HERRAJES VARGAS, S.A DE C.V",GARS12.webp,skip,sin coincidencia en fuente oficial,
HERGR,"PERFILES Y HERRAJES VARGAS, S.A DE C.V",HERGR.webp,ok,guardado en /home/rodrigo/Documentos/ProyectosVisual/Catalogo_Digital_Aceros_Pe-ascal/catalogo-web/fotos/HERGR.webp,https://cascar.mx/wp-content/uploads/2022/10/lamina-perforada.jpg
JAL-CHIO,"PERFILES Y HERRAJES VARGAS, S.A DE C.V",JAL-CHIO.webp,skip,sin coincidencia en fuente oficial,
JAL-LUJO,"PERFILES Y HERRAJES VARGAS, S.A DE C.V",JAL-LUJO.webp,skip,sin coincidencia en fuente oficial,
JAL-HC8060N,"PERFILES Y HERRAJES VARGAS, S.A DE C.V",JAL-HC8060N.webp,skip,sin coincidencia en fuente oficial,
JAL-PCHV,"PERFILES Y HERRAJES VARGAS, S.A DE C.V",JAL-PCHV.webp,skip,sin coincidencia en fuente oficial,
JAL-QUN,"PERFILES Y HERRAJES VARGAS, S.A DE C.V",JAL-QUN.webp,skip,sin coincidencia en fuente oficial,
JAL-REYO,"PERFILES Y HERRAJES VARGAS, S.A DE C.V",JAL-REYO.webp,skip,sin coincidencia en fuente oficial,
JAL-CHITO,"PERFILES Y HERRAJES VARGAS, S.A DE C.V",JAL-CHITO.webp,skip,sin coincidencia en fuente oficial,
JAL-COLTA,"PERFILES Y HERRAJES VARGAS, S.A DE C.V",JAL-COLTA.webp,skip,sin coincidencia en fuente oficial,
JAL-COLTN,"PERFILES Y HERRAJES VARGAS, S.A DE C.V",JAL-COLTN.webp,skip,sin coincidencia en fuente oficial,
JAL-COLTV,"PERFILES Y HERRAJES VARGAS, S.A DE C.V",JAL-COLTV.webp,skip,sin coincidencia en fuente oficial,
JALTREXL,"PERFILES Y HERRAJES VARGAS, S.A DE C.V",JALTREXL.webp,skip,sin coincidencia en fuente oficial,
JGOP-141707,"PERFILES Y HERRAJES VARGAS, S.A DE C.V",JGOP-141707.webp,skip,sin coincidencia en fuente oficial,
LPER3MMC.22,"PERFILES Y HERRAJES VARGAS, S.A DE C.V",LPER3MMC-22.webp,skip,sin coincidencia en fuente oficial,
LPER6MMC.20,"PERFILES Y HERRAJES VARGAS, S.A DE C.V",LPER6MMC-20.webp,skip,sin coincidencia en fuente oficial,
LPER10MMC.20,"PERFILES Y HERRAJES VARGAS, S.A DE C.V",LPER10MMC-20.webp,skip,sin coincidencia en fuente oficial,
LANC12,"PERFILES Y HERRAJES VARGAS, S.A DE C.V",LANC12.webp,skip,sin coincidencia en fuente oficial,
PUFLE105,"PERFILES Y HERRAJES VARGAS, S.A DE C.V",PUFLE105.webp,skip,sin coincidencia en fuente oficial,
PACO1R,"PERFILES Y HERRAJES VARGAS, S.A DE C.V",PACO1R.webp,skip,sin coincidencia en fuente oficial,
PIS-G26,"PERFILES Y HERRAJES VARGAS, S.A DE C.V",PIS-G26.webp,skip,sin coincidencia en fuente oficial,
PIS-G29,"PERFILES Y HERRAJES VARGAS, S.A DE C.V",PIS-G29.webp,skip,sin coincidencia en fuente oficial,
PLABUAL,"PERFILES Y HERRAJES VARGAS, S.A DE C.V",PLABUAL.webp,skip,sin coincidencia en fuente oficial,
MAN-300,"PERFILES Y HERRAJES VARGAS, S.A DE C.V",MAN-300.webp,skip,sin coincidencia en fuente oficial,
PRIGRIS,"PERFILES Y HERRAJES VARGAS, S.A DE C.V",PRIGRIS.webp,skip,sin coincidencia en fuente oficial,
GALPRI5002,"PERFILES Y HERRAJES VARGAS, S.A DE C.V",GALPRI5002.webp,skip,sin coincidencia en fuente oficial,
PUFLE107,"PERFILES Y HERRAJES VARGAS, S.A DE C.V",PUFLE107.webp,skip,sin coincidencia en fuente oficial,
PUN-L10,"PERFILES Y HERRAJES VARGAS, S.A DE C.V",PUN-L10.webp,skip,sin coincidencia en fuente oficial,
PUN-L13,"PERFILES Y HERRAJES VARGAS, S.A DE C.V",PUN-L13.webp,skip,sin coincidencia en fuente oficial,
REBA,"PERFILES Y HERRAJES VARGAS, S.A DE C.V",REBA.webp,skip,sin coincidencia en fuente oficial,
RECLA,"PERFILES Y HERRAJES VARGAS, S.A DE C.V",RECLA.webp,skip,sin coincidencia en fuente oficial,
REGO1.22,"PERFILES Y HERRAJES VARGAS, S.A DE C.V",REGO1-22.webp,skip,sin coincidencia en fuente oficial,
REGO,"PERFILES Y HERRAJES VARGAS, S.A DE C.V",REGO.webp,skip,sin coincidencia en fuente oficial,
REGRA1.22,"PERFILES Y HERRAJES VARGAS, S.A DE C.V",REGRA1-22.webp,skip,sin coincidencia en fuente oficial,
REGRA,"PERFILES Y HERRAJES VARGAS, S.A DE C.V",REGRA.webp,skip,sin coincidencia en fuente oficial,
REPA,"PERFILES Y HERRAJES VARGAS, S.A DE C.V",REPA.webp,skip,sin coincidencia en fuente oficial,
REPA1.22,"PERFILES Y HERRAJES VARGAS, S.A DE C.V",REPA1-22.webp,skip,sin coincidencia en fuente oficial,
ROSER006,"PERFILES Y HERRAJES VARGAS, S.A DE C.V",ROSER006.webp,skip,sin coincidencia en fuente oficial,
SEGIE,"PERFILES Y HERRAJES VARGAS, S.A DE C.V",SEGIE.webp,skip,sin coincidencia en fuente oficial,
SEGIF,"PERFILES Y HERRAJES VARGAS, S.A DE C.V",SEGIF.webp,skip,sin coincidencia en fuente oficial,
SEGIFD,"PERFILES Y HERRAJES VARGAS, S.A DE C.V",SEGIFD.webp,skip,sin coincidencia en fuente oficial,
SEGNE,"PERFILES Y HERRAJES VARGAS, S.A DE C.V",SEGNE.webp,skip,sin coincidencia en fuente oficial,
SOLMSG035MUND,"PERFILES Y HERRAJES VARGAS, S.A DE C.V",SOLMSG035MUND.webp,skip,sin coincidencia en fuente oficial,
TARUGO,"PERFILES Y HERRAJES VARGAS, S.A DE C.V",TARUGO.webp,skip,sin coincidencia en fuente oficial,
HSS6X63/16-12.20M,PRODUCTOS LAMINADOS DE MONTERREY S.A DE C.V,HSS6X63-16-12-20M.webp,skip,sin coincidencia en fuente oficial,
HSS10X101/4,PRODUCTOS LAMINADOS DE MONTERREY S.A DE C.V,HSS10X101-4.webp,skip,sin coincidencia en fuente oficial,
HSS8X81/4,PRODUCTOS LAMINADOS DE MONTERREY S.A DE C.V,HSS8X81-4.webp,skip,sin coincidencia en fuente oficial,
HSS8X8-3/8,PRODUCTOS LAMINADOS DE MONTERREY S.A DE C.V,HSS8X8-3-8.webp,skip,sin coincidencia en fuente oficial,
MON250X69C-14,PRODUCTOS LAMINADOS DE MONTERREY S.A DE C.V,MON250X69C-14.webp,skip,sin coincidencia en fuente oficial,
MON300X87,PRODUCTOS LAMINADOS DE MONTERREY S.A DE C.V,MON300X87.webp,skip,sin coincidencia en fuente oficial,
MON100X50C14,PRODUCTOS LAMINADOS DE MONTERREY S.A DE C.V,MON100X50C14.webp,skip,sin coincidencia en fuente oficial,
MON150X50C14,PRODUCTOS LAMINADOS DE MONTERREY S.A DE C.V,MON150X50C14.webp,skip,sin coincidencia en fuente oficial,
PTR38X38C16,PRODUCTOS LAMINADOS DE MONTERREY S.A DE C.V,PTR38X38C16.webp,skip,sin coincidencia en fuente oficial,
PTR 38X75,PRODUCTOS LAMINADOS DE MONTERREY S.A DE C.V,PTR-38X75.webp,skip,sin coincidencia en fuente oficial,
PTR38X100,PRODUCTOS LAMINADOS DE MONTERREY S.A DE C.V,PTR38X100.webp,skip,sin coincidencia en fuente oficial,
PTR32X32C11,PRODUCTOS LAMINADOS DE MONTERREY S.A DE C.V,PTR32X32C11.webp,skip,sin coincidencia en fuente oficial,
PTR32X32C14,PRODUCTOS LAMINADOS DE MONTERREY S.A DE C.V,PTR32X32C14.webp,skip,sin coincidencia en fuente oficial,
PTR25X25C14,PRODUCTOS LAMINADOS DE MONTERREY S.A DE C.V,PTR25X25C14.webp,skip,sin coincidencia en fuente oficial,
PTR25X25C16,PRODUCTOS LAMINADOS DE MONTERREY S.A DE C.V,PTR25X25C16.webp,skip,sin coincidencia en fuente oficial,
PTR25X50,PRODUCTOS LAMINADOS DE MONTERREY S.A DE C.V,PTR25X50.webp,skip,sin coincidencia en fuente oficial,
PTR25X50C16,PRODUCTOS LAMINADOS DE MONTERREY S.A DE C.V,PTR25X50C16.webp,skip,sin coincidencia en fuente oficial,
PTR50X50C16,PRODUCTOS LAMINADOS DE MONTERREY S.A DE C.V,PTR50X50C16.webp,skip,sin coincidencia en fuente oficial,
PTR50X100C11,PRODUCTOS LAMINADOS DE MONTERREY S.A DE C.V,PTR50X100C11.webp,skip,sin coincidencia en fuente oficial,
PTR100X100C14,PRODUCTOS LAMINADOS DE MONTERREY S.A DE C.V,PTR100X100C14.webp,skip,sin coincidencia en fuente oficial,
PTRG50X50,PRODUCTOS LAMINADOS DE MONTERREY S.A DE C.V,PTRG50X50.webp,skip,sin coincidencia en fuente oficial,
PTA473X1020,PRODUCTOS LAMINADOS DE MONTERREY S.A DE C.V,PTA473X1020.webp,ok,guardado en /home/rodrigo/Documentos/ProyectosVisual/Catalogo_Digital_Aceros_Pe-ascal/catalogo-web/fotos/PTA473X1020.webp,https://www.ternium.com/media/wnueglok/corrosion-2.jpg?width=797&height=529&mode=max
TUINC1644,PRODUCTOS LAMINADOS DE MONTERREY S.A DE C.V,TUINC1644.webp,skip,sin coincidencia en fuente oficial,
TUINC1650,PRODUCTOS LAMINADOS DE MONTERREY S.A DE C.V,TUINC1650.webp,skip,sin coincidencia en fuente oficial,
TUINC1675,PRODUCTOS LAMINADOS DE MONTERREY S.A DE C.V,TUINC1675.webp,skip,sin coincidencia en fuente oficial,
TUNEC3032,PRODUCTOS LAMINADOS DE MONTERREY S.A DE C.V,TUNEC3032.webp,skip,sin coincidencia en fuente oficial,
CRIBA,PROVEEDOR EN GENERAL,CRIBA.webp,skip,proveedor sin dominios oficiales configurados,
CA-20-A,PROVEEDOR EN GENERAL,CA-20-A.webp,skip,proveedor sin dominios oficiales configurados,
CA-20,PROVEEDOR EN GENERAL,CA-20.webp,skip,proveedor sin dominios oficiales configurados,
CA-0,PROVEEDOR EN GENERAL,CA-0.webp,skip,proveedor sin dominios oficiales configurados,
CA-18,PROVEEDOR EN GENERAL,CA-18.webp,skip,proveedor sin dominios oficiales configurados,
VARCO,PROVEEDOR EN GENERAL,VARCO.webp,skip,proveedor sin dominios oficiales configurados,
SCHI121S2-B3,"SURTIDORA MEXICANA MERIDA, S.A DE C.V",SCHI121S2-B3.webp,skip,proveedor sin dominios oficiales configurados,
VC3/8,"TA-2000, S.A DE C.V",VC3-8.webp,skip,proveedor sin dominios oficiales configurados,
ZC125,"TERNIUM MEXICO, S.A DE C.V",ZC125.webp,skip,sin coincidencia en fuente oficial,
ZC100,"TERNIUM MEXICO, S.A DE C.V",ZC100.webp,skip,sin coincidencia en fuente oficial,
ZC200,"TERNIUM MEXICO, S.A DE C.V",ZC200.webp,skip,sin coincidencia en fuente oficial,
LGLR4C24,"TERNIUM MEXICO, S.A DE C.V",LGLR4C24.webp,skip,sin coincidencia en fuente oficial,
LGLR3C26,"TERNIUM MEXICO, S.A DE C.V",LGLR3C26.webp,skip,sin coincidencia en fuente oficial,
LGLR4C26,"TERNIUM MEXICO, S.A DE C.V",LGLR4C26.webp,skip,sin coincidencia en fuente oficial,
LGLOSC246.10,"TERNIUM MEXICO, S.A DE C.V",LGLOSC246-10.webp,skip,sin coincidencia en fuente oficial,
LGT3.66,"TERNIUM MEXICO, S.A DE C.V",LGT3-66.webp,skip,sin coincidencia en fuente oficial,
LGALTEJA4.27,"TERNIUM MEXICO, S.A DE C.V",LGALTEJA4-27.webp,ok,guardado en /home/rodrigo/Documentos/ProyectosVisual/Catalogo_Digital_Aceros_Pe-ascal/catalogo-web/fotos/LGALTEJA4-27.webp,https://www.ternium.com/media/dludwtfo/silos-acero-mexicano.jpeg?anchor=center&mode=crop&rnd=132877687754930000
LGL3C14,"TERNIUM MEXICO, S.A DE C.V",LGL3C14.webp,skip,sin coincidencia en fuente oficial,
LGL3C20,"TERNIUM MEXICO, S.A DE C.V",LGL3C20.webp,skip,sin coincidencia en fuente oficial,
LGL3C22,"TERNIUM MEXICO, S.A DE C.V",LGL3C22.webp,skip,sin coincidencia en fuente oficial,
LGL4C18,"TERNIUM MEXICO, S.A DE C.V",LGL4C18.webp,skip,sin coincidencia en fuente oficial,
LGL4C20,"TERNIUM MEXICO, S.A DE C.V",LGL4C20.webp,skip,sin coincidencia en fuente oficial,
LGL4C22,"TERNIUM MEXICO, S.A DE C.V",LGL4C22.webp,skip,sin coincidencia en fuente oficial,
ZH105,"TERNIUM MEXICO, S.A DE C.V",ZH105.webp,skip,sin coincidencia en fuente oficial,
ZV145,"TERNIUM MEXICO, S.A DE C.V",ZV145.webp,skip,sin coincidencia en fuente oficial,
PLACA25,"TERNIUM MEXICO, S.A DE C.V",PLACA25.webp,skip,sin coincidencia en fuente oficial,
PLA13,"TERNIUM MEXICO, S.A DE C.V",PLA13.webp,skip,sin coincidencia en fuente oficial,
PLACA5,"TERNIUM MEXICO, S.A DE C.V",PLACA5.webp,skip,sin coincidencia en fuente oficial,
PLACA19,"TERNIUM MEXICO, S.A DE C.V",PLACA19.webp,skip,sin coincidencia en fuente oficial,
PLACA10,"TERNIUM MEXICO, S.A DE C.V",PLACA10.webp,skip,sin coincidencia en fuente oficial,
PLACA16,"TERNIUM MEXICO, S.A DE C.V",PLACA16.webp,skip,sin coincidencia en fuente oficial,
PTR100X100C1/4-6.10,"TERNIUM MEXICO, S.A DE C.V",PTR100X100C1-4-6-10.webp,skip,sin coincidencia en fuente oficial,
ZR125,"TERNIUM MEXICO, S.A DE C.V",ZR125.webp,skip,sin coincidencia en fuente oficial,
ZR175,"TERNIUM MEXICO, S.A DE C.V",ZR175.webp,skip,sin coincidencia en fuente oficial,
ZP1400,"TERNIUM MEXICO, S.A DE C.V",ZP1400.webp,skip,sin coincidencia en fuente oficial,
ZP1500,"TERNIUM MEXICO, S.A DE C.V",ZP1500.webp,skip,sin coincidencia en fuente oficial,
ZT473X320,"TERNIUM MEXICO, S.A DE C.V",ZT473X320.webp,skip,sin coincidencia en fuente oficial,
ZT473X322,"TERNIUM MEXICO, S.A DE C.V",ZT473X322.webp,skip,sin coincidencia en fuente oficial,
ZT473X622,"TERNIUM MEXICO, S.A DE C.V",ZT473X622.webp,skip,sin coincidencia en fuente oficial,
ZT473X820,"TERNIUM MEXICO, S.A DE C.V",ZT473X820.webp,skip,sin coincidencia en fuente oficial,
ZT473X822,"TERNIUM MEXICO, S.A DE C.V",ZT473X822.webp,skip,sin coincidencia en fuente oficial,
ZT483X1020,"TERNIUM MEXICO, S.A DE C.V",ZT483X1020.webp,ok,guardado en /home/rodrigo/Documentos/ProyectosVisual/Catalogo_Digital_Aceros_Pe-ascal/catalogo-web/fotos/ZT483X1020.webp,https://www.ternium.com/media/wnueglok/corrosion-2.jpg?width=797&height=529&mode=max
ZT473X1020,"TERNIUM MEXICO, S.A DE C.V",ZT473X1020.webp,skip,sin coincidencia en fuente oficial,
ZTA473X820,"TERNIUM MEXICO, S.A DE C.V",ZTA473X820.webp,skip,sin coincidencia en fuente oficial,
ZTA473X822,"TERNIUM MEXICO, S.A DE C.V",ZTA473X822.webp,skip,sin coincidencia en fuente oficial,
ZTA473X1020,"TERNIUM MEXICO, S.A DE C.V",ZTA473X1020.webp,skip,sin coincidencia en fuente oficial,
ZTA473X1022,"TERNIUM MEXICO, S.A DE C.V",ZTA473X1022.webp,skip,sin coincidencia en fuente oficial,
ZTA473X620,"TERNIUM MEXICO, S.A DE C.V",ZTA473X620.webp,skip,sin coincidencia en fuente oficial,
ZV127,"TERNIUM MEXICO, S.A DE C.V",ZV127.webp,skip,sin coincidencia en fuente oficial,
ZP150,"TERNIUM MEXICO, S.A DE C.V",ZP150.webp,skip,sin coincidencia en fuente oficial,
ZP400C18,"TERNIUM MEXICO, S.A DE C.V",ZP400C18.webp,skip,sin coincidencia en fuente oficial,
LMNC18-4X8,"TUBO DECORADO MONTERREY, S.A DE C.V",LMNC18-4X8.webp,skip,proveedor sin dominios oficiales configurados,
SOLD410-2X3/16-6M,"TUBO DECORADO MONTERREY, S.A DE C.V",SOLD410-2X3-16-6M.webp,skip,proveedor sin dominios oficiales configurados,
SOLD407,"TUBO DECORADO MONTERREY, S.A DE C.V",SOLD407.webp,skip,proveedor sin dominios oficiales configurados,
SOLD4083M,"TUBO DECORADO MONTERREY, S.A DE C.V",SOLD4083M.webp,skip,proveedor sin dominios oficiales configurados,
SOLD4056M,"TUBO DECORADO MONTERREY, S.A DE C.V",SOLD4056M.webp,skip,proveedor sin dominios oficiales configurados,
SOLD4066M,"TUBO DECORADO MONTERREY, S.A DE C.V",SOLD4066M.webp,skip,proveedor sin dominios oficiales configurados,
SOLD4076M,"TUBO DECORADO MONTERREY, S.A DE C.V",SOLD4076M.webp,skip,proveedor sin dominios oficiales configurados,
SOLD4086M,"TUBO DECORADO MONTERREY, S.A DE C.V",SOLD4086M.webp,skip,proveedor sin dominios oficiales configurados,
SOLD4106M,"TUBO DECORADO MONTERREY, S.A DE C.V",SOLD4106M.webp,skip,proveedor sin dominios oficiales configurados,
TUCO32,"TUBO DECORADO MONTERREY, S.A DE C.V",TUCO32.webp,skip,proveedor sin dominios oficiales configurados,
TUCO25,"TUBO DECORADO MONTERREY, S.A DE C.V",TUCO25.webp,skip,proveedor sin dominios oficiales configurados,
TUELI38,"TUBO DECORADO MONTERREY, S.A DE C.V",TUELI38.webp,skip,proveedor sin dominios oficiales configurados,
TUELI38C16-11560,"TUBO DECORADO MONTERREY, S.A DE C.V",TUELI38C16-11560.webp,skip,proveedor sin dominios oficiales configurados,
TUMO38,"TUBO DECORADO MONTERREY, S.A DE C.V",TUMO38.webp,skip,proveedor sin dominios oficiales configurados,
TUMO32,"TUBO DECORADO MONTERREY, S.A DE C.V",TUMO32.webp,skip,proveedor sin dominios oficiales configurados,
TUMO25,"TUBO DECORADO MONTERREY, S.A DE C.V",TUMO25.webp,skip,proveedor sin dominios oficiales configurados,
TUMO50,"TUBO DECORADO MONTERREY, S.A DE C.V",TUMO50.webp,skip,proveedor sin dominios oficiales configurados,
TUMO19,"TUBO DECORADO MONTERREY, S.A DE C.V",TUMO19.webp,skip,proveedor sin dominios oficiales configurados,
TUTRE25,"TUBO DECORADO MONTERREY, S.A DE C.V",TUTRE25.webp,skip,proveedor sin dominios oficiales configurados,
TUTRE50,"TUBO DECORADO MONTERREY, S.A DE C.V",TUTRE50.webp,skip,proveedor sin dominios oficiales configurados,
TUTRE19,"TUBO DECORADO MONTERREY, S.A DE C.V",TUTRE19.webp,skip,proveedor sin dominios oficiales configurados,
P2-511,"UJUETA MEXICO, S.A DE C.V",P2-511.webp,skip,sin coincidencia en fuente oficial,
AES427,URREA HERRAMIENTAS PROFESIONALES S.A DE C.V,AES427.webp,skip,sin coincidencia en fuente oficial,
AES406,URREA HERRAMIENTAS PROFESIONALES S.A DE C.V,AES406.webp,skip,sin coincidencia en fuente oficial,
AEM407,URREA HERRAMIENTAS PROFESIONALES S.A DE C.V,AEM407.webp,skip,sin coincidencia en fuente oficial,
AES401,URREA HERRAMIENTAS PROFESIONALES S.A DE C.V,AES401.webp,skip,sin coincidencia en fuente oficial,
AEM301,URREA HERRAMIENTAS PROFESIONALES S.A DE C.V,AEM301.webp,skip,sin coincidencia en fuente oficial,
ARC17T,URREA HERRAMIENTAS PROFESIONALES S.A DE C.V,ARC17T.webp,skip,sin coincidencia en fuente oficial,
BAF150,URREA HERRAMIENTAS PROFESIONALES S.A DE C.V,BAF150.webp,skip,sin coincidencia en fuente oficial,
BSR3/4,URREA HERRAMIENTAS PROFESIONALES S.A DE C.V,BSR3-4.webp,ok,guardado en /home/rodrigo/Documentos/ProyectosVisual/Catalogo_Digital_Aceros_Pe-ascal/catalogo-web/fotos/BSR3-4.webp,https://urrea.com/media/catalog/product/9/0/90632.jpeg
BSR5/8,URREA HERRAMIENTAS PROFESIONALES S.A DE C.V,BSR5-8.webp,ok,guardado en /home/rodrigo/Documentos/ProyectosVisual/Catalogo_Digital_Aceros_Pe-ascal/catalogo-web/fotos/BSR5-8.webp,https://medios.urrea.com/catalogo/Urrea/hd/BSDS5-8X8.jpg
BCO1/2,URREA HERRAMIENTAS PROFESIONALES S.A DE C.V,BCO1-2.webp,skip,sin coincidencia en fuente oficial,
BCO1/4,URREA HERRAMIENTAS PROFESIONALES S.A DE C.V,BCO1-4.webp,skip,sin coincidencia en fuente oficial,
BCO1/8,URREA HERRAMIENTAS PROFESIONALES S.A DE C.V,BCO1-8.webp,ok,guardado en /home/rodrigo/Documentos/ProyectosVisual/Catalogo_Digital_Aceros_Pe-ascal/catalogo-web/fotos/BCO1-8.webp,https://medios.urrea.com/catalogo/Urrea/hd/BSDS5-8X8.jpg
BCO3/8,URREA HERRAMIENTAS PROFESIONALES S.A DE C.V,BCO3-8.webp,ok,guardado en /home/rodrigo/Documentos/ProyectosVisual/Catalogo_Digital_Aceros_Pe-ascal/catalogo-web/fotos/BCO3-8.webp,https://medios.urrea.com/catalogo/Urrea/hd/BSDS5-8X8.jpg
BCO5/16,URREA HERRAMIENTAS PROFESIONALES S.A DE C.V,BCO5-16.webp,skip,sin coincidencia en fuente oficial,
BSR1,URREA HERRAMIENTAS PROFESIONALES S.A DE C.V,BSR1.webp,ok,guardado en /home/rodrigo/Documentos/ProyectosVisual/Catalogo_Digital_Aceros_Pe-ascal/catalogo-web/fotos/BSR1.webp,https://urrea.com/media/catalog/product/1/3/130405.jpeg
BSDS3/8X6,URREA HERRAMIENTAS PROFESIONALES S.A DE C.V,BSDS3-8X6.webp,skip,sin coincidencia en fuente oficial,
BCN386,URREA HERRAMIENTAS PROFESIONALES S.A DE C.V,BCN386.webp,skip,sin coincidencia en fuente oficial,
BCN51612,URREA HERRAMIENTAS PROFESIONALES S.A DE C.V,BCN51612.webp,skip,sin coincidencia en fuente oficial,
BCN5166,URREA HERRAMIENTAS PROFESIONALES S.A DE C.V,BCN5166.webp,skip,sin coincidencia en fuente oficial,
BCN586,URREA HERRAMIENTAS PROFESIONALES S.A DE C.V,BCN586.webp,ok,guardado en /home/rodrigo/Documentos/ProyectosVisual/Catalogo_Digital_Aceros_Pe-ascal/catalogo-web/fotos/BCN586.webp,https://medios.urrea.com/catalogo/Urrea/hd/BSDS5-8X8.jpg
142652,URREA HERRAMIENTAS PROFESIONALES S.A DE C.V,142652.webp,skip,sin coincidencia en fuente oficial,
142651,URREA HERRAMIENTAS PROFESIONALES S.A DE C.V,142651.webp,skip,sin coincidencia en fuente oficial,
142650,URREA HERRAMIENTAS PROFESIONALES S.A DE C.V,142650.webp,skip,sin coincidencia en fuente oficial,
142654,URREA HERRAMIENTAS PROFESIONALES S.A DE C.V,142654.webp,skip,sin coincidencia en fuente oficial,
142653,URREA HERRAMIENTAS PROFESIONALES S.A DE C.V,142653.webp,skip,sin coincidencia en fuente oficial,
142655,URREA HERRAMIENTAS PROFESIONALES S.A DE C.V,142655.webp,skip,sin coincidencia en fuente oficial,
142656,URREA HERRAMIENTAS PROFESIONALES S.A DE C.V,142656.webp,ok,guardado en /home/rodrigo/Documentos/ProyectosVisual/Catalogo_Digital_Aceros_Pe-ascal/catalogo-web/fotos/142656.webp,https://urrea.com/media/catalog/product/1/4/142656_e_20251111060223.jpg
142658,URREA HERRAMIENTAS PROFESIONALES S.A DE C.V,142658.webp,skip,sin coincidencia en fuente oficial,
CAR123245,URREA HERRAMIENTAS PROFESIONALES S.A DE C.V,CAR123245.webp,skip,sin coincidencia en fuente oficial,
C536,URREA HERRAMIENTAS PROFESIONALES S.A DE C.V,C536.webp,ok,guardado en /home/rodrigo/Documentos/ProyectosVisual/Catalogo_Digital_Aceros_Pe-ascal/catalogo-web/fotos/C536.webp,https://urrea.com/media/catalog/product/C/8/C852.jpeg
CARCOOND3,URREA HERRAMIENTAS PROFESIONALES S.A DE C.V,CARCOOND3.webp,skip,sin coincidencia en fuente oficial,
C512,URREA HERRAMIENTAS PROFESIONALES S.A DE C.V,C512.webp,skip,sin coincidencia en fuente oficial,
C515,URREA HERRAMIENTAS PROFESIONALES S.A DE C.V,C515.webp,skip,sin coincidencia en fuente oficial,
137367,URREA HERRAMIENTAS PROFESIONALES S.A DE C.V,137367.webp,skip,sin coincidencia en fuente oficial,
CLA108502,URREA HERRAMIENTAS PROFESIONALES S.A DE C.V,CLA108502.webp,ok,guardado en /home/rodrigo/Documentos/ProyectosVisual/Catalogo_Digital_Aceros_Pe-ascal/catalogo-web/fotos/CLA108502.webp,https://medios.urrea.com/catalogo/Surtek/hd/107054.jpg
CLA108508,URREA HERRAMIENTAS PROFESIONALES S.A DE C.V,CLA108508.webp,skip,sin coincidencia en fuente oficial,
137601,URREA HERRAMIENTAS PROFESIONALES S.A DE C.V,137601.webp,skip,sin coincidencia en fuente oficial,
108106,URREA HERRAMIENTAS PROFESIONALES S.A DE C.V,108106.webp,skip,sin coincidencia en fuente oficial,
HS3,URREA HERRAMIENTAS PROFESIONALES S.A DE C.V,HS3.webp,skip,sin coincidencia en fuente oficial,
142636,URREA HERRAMIENTAS PROFESIONALES S.A DE C.V,142636.webp,skip,sin coincidencia en fuente oficial,
S7828HL,URREA HERRAMIENTAS PROFESIONALES S.A DE C.V,S7828HL.webp,skip,sin coincidencia en fuente oficial,
DG743A,URREA HERRAMIENTAS PROFESIONALES S.A DE C.V,DG743A.webp,skip,sin coincidencia en fuente oficial,
D202,URREA HERRAMIENTAS PROFESIONALES S.A DE C.V,D202.webp,ok,guardado en /home/rodrigo/Documentos/ProyectosVisual/Catalogo_Digital_Aceros_Pe-ascal/catalogo-web/fotos/D202.webp,https://urrea.com/media/catalog/product/9/4/9432_20251014110038.jpg
DOBTUBO,URREA HERRAMIENTAS PROFESIONALES S.A DE C.V,DOBTUBO.webp,skip,sin coincidencia en fuente oficial,
ETT2,URREA HERRAMIENTAS PROFESIONALES S.A DE C.V,ETT2.webp,ok,guardado en /home/rodrigo/Documentos/ProyectosVisual/Catalogo_Digital_Aceros_Pe-ascal/catalogo-web/fotos/ETT2.webp,https://urrea.com/media/catalog/product/E/T/ETT2_20251014084744.jpg
ESCOM12-122254,URREA HERRAMIENTAS PROFESIONALES S.A DE C.V,ESCOM12-122254.webp,ok,guardado en /home/rodrigo/Documentos/ProyectosVisual/Catalogo_Digital_Aceros_Pe-ascal/catalogo-web/fotos/ESCOM12-122254.webp,https://urrea.com/media/catalog/product/1/2/122254_20250919022733.jpg
ESCOM12,URREA HERRAMIENTAS PROFESIONALES S.A DE C.V,ESCOM12.webp,skip,sin coincidencia en fuente oficial,
ESME24-122281,URREA HERRAMIENTAS PROFESIONALES S.A DE C.V,ESME24-122281.webp,skip,sin coincidencia en fuente oficial,
ESME24,URREA HERRAMIENTAS PROFESIONALES S.A DE C.V,ESME24.webp,skip,sin coincidencia en fuente oficial,
EP242,URREA HERRAMIENTAS PROFESIONALES S.A DE C.V,EP242.webp,skip,sin coincidencia en fuente oficial,
EP244,URREA HERRAMIENTAS PROFESIONALES S.A DE C.V,EP244.webp,skip,sin coincidencia en fuente oficial,
123033,URREA HERRAMIENTAS PROFESIONALES S.A DE C.V,123033.webp,skip,sin coincidencia en fuente oficial,
FIL108103,URREA HERRAMIENTAS PROFESIONALES S.A DE C.V,FIL108103.webp,error,descarga fallida: Imagen demasiado pequeña (posible placeholder).,https://urrea.com/media/.renditions/wysiwyg/landings/surtek-header-landing-2x.png
142126,URREA HERRAMIENTAS PROFESIONALES S.A DE C.V,142126.webp,skip,sin coincidencia en fuente oficial,
124134,URREA HERRAMIENTAS PROFESIONALES S.A DE C.V,124134.webp,skip,sin coincidencia en fuente oficial,
GBS2,URREA HERRAMIENTAS PROFESIONALES S.A DE C.V,GBS2.webp,ok,guardado en /home/rodrigo/Documentos/ProyectosVisual/Catalogo_Digital_Aceros_Pe-ascal/catalogo-web/fotos/GBS2.webp,https://urrea.com/media/catalog/product/G/B/GBS2.jpeg
USGVX,URREA HERRAMIENTAS PROFESIONALES S.A DE C.V,USGVX.webp,ok,guardado en /home/rodrigo/Documentos/ProyectosVisual/Catalogo_Digital_Aceros_Pe-ascal/catalogo-web/fotos/USGVX.webp,https://medios.urrea.com/catalogo/Surtek/hd/137413.jpg
USGVG,URREA HERRAMIENTAS PROFESIONALES S.A DE C.V,USGVG.webp,ok,guardado en /home/rodrigo/Documentos/ProyectosVisual/Catalogo_Digital_Aceros_Pe-ascal/catalogo-web/fotos/USGVG.webp,https://medios.urrea.com/catalogo/Surtek/hd/137413.jpg
USGVM,URREA HERRAMIENTAS PROFESIONALES S.A DE C.V,USGVM.webp,skip,sin coincidencia en fuente oficial,
GNPM,URREA HERRAMIENTAS PROFESIONALES S.A DE C.V,GNPM.webp,skip,sin coincidencia en fuente oficial,
GC3,URREA HERRAMIENTAS PROFESIONALES S.A DE C.V,GC3.webp,skip,sin coincidencia en fuente oficial,
SSK15,URREA HERRAMIENTAS PROFESIONALES S.A DE C.V,SSK15.webp,ok,guardado en /home/rodrigo/Documentos/ProyectosVisual/Catalogo_Digital_Aceros_Pe-ascal/catalogo-web/fotos/SSK15.webp,https://urrea.com/media/catalog/product/S/S/SSK15_20251014060721.jpg
5200TX,URREA HERRAMIENTAS PROFESIONALES S.A DE C.V,5200TX.webp,ok,guardado en /home/rodrigo/Documentos/ProyectosVisual/Catalogo_Digital_Aceros_Pe-ascal/catalogo-web/fotos/5200TX.webp,https://urrea.com/media/catalog/product/5/2/52ET14_20251014065030.jpg
5113,URREA HERRAMIENTAS PROFESIONALES S.A DE C.V,5113.webp,skip,sin coincidencia en fuente oficial,
JCS4,URREA HERRAMIENTAS PROFESIONALES S.A DE C.V,JCS4.webp,skip,sin coincidencia en fuente oficial,
SH15,URREA HERRAMIENTAS PROFESIONALES S.A DE C.V,SH15.webp,skip,sin coincidencia en fuente oficial,
8100CM,URREA HERRAMIENTAS PROFESIONALES S.A DE C.V,8100CM.webp,skip,sin coincidencia en fuente oficial,
LUNL03,URREA HERRAMIENTAS PROFESIONALES S.A DE C.V,LUNL03.webp,ok,guardado en /home/rodrigo/Documentos/ProyectosVisual/Catalogo_Digital_Aceros_Pe-ascal/catalogo-web/fotos/LUNL03.webp,https://co.urrea.com/media/wysiwyg/Lampara_banner_1.png
137699,URREA HERRAMIENTAS PROFESIONALES S.A DE C.V,137699.webp,skip,sin coincidencia en fuente oficial,
120350,URREA HERRAMIENTAS PROFESIONALES S.A DE C.V,120350.webp,skip,sin coincidencia en fuente oficial,
120303,URREA HERRAMIENTAS PROFESIONALES S.A DE C.V,120303.webp,ok,guardado en /home/rodrigo/Documentos/ProyectosVisual/Catalogo_Digital_Aceros_Pe-ascal/catalogo-web/fotos/120303.webp,https://usa.urrea.com/media/catalog/product/1/2/120303_20260320130930.jpg
LIMA120363,URREA HERRAMIENTAS PROFESIONALES S.A DE C.V,LIMA120363.webp,skip,sin coincidencia en fuente oficial,
LI-120332,URREA HERRAMIENTAS PROFESIONALES S.A DE C.V,LI-120332.webp,skip,sin coincidencia en fuente oficial,
LI-120378,URREA HERRAMIENTAS PROFESIONALES S.A DE C.V,LI-120378.webp,ok,guardado en /home/rodrigo/Documentos/ProyectosVisual/Catalogo_Digital_Aceros_Pe-ascal/catalogo-web/fotos/LI-120378.webp,https://urrea.com/media/catalog/product/1/2/120378_20251111060536.jpg
LTU40S,URREA HERRAMIENTAS PROFESIONALES S.A DE C.V,LTU40S.webp,ok,guardado en /home/rodrigo/Documentos/ProyectosVisual/Catalogo_Digital_Aceros_Pe-ascal/catalogo-web/fotos/LTU40S.webp,https://urrea.com/media/catalog/product/L/T/LTU40S_02.jpeg?auto=webp&format=pjpg&width=640&height=800&fit=cover
1238B,URREA HERRAMIENTAS PROFESIONALES S.A DE C.V,1238B.webp,skip,sin coincidencia en fuente oficial,
123508,URREA HERRAMIENTAS PROFESIONALES S.A DE C.V,123508.webp,ok,guardado en /home/rodrigo/Documentos/ProyectosVisual/Catalogo_Digital_Aceros_Pe-ascal/catalogo-web/fotos/123508.webp,"https://urrea.com/media/catalog/product/1/2/123508_20250924075021.jpg?optimize=medium&bg-color=255,255,255&fit=bounds&height=265&width=265&canvas=265:265"
MACHURREA3/16,URREA HERRAMIENTAS PROFESIONALES S.A DE C.V,MACHURREA3-16.webp,skip,sin coincidencia en fuente oficial,
137651,URREA HERRAMIENTAS PROFESIONALES S.A DE C.V,137651.webp,ok,guardado en /home/rodrigo/Documentos/ProyectosVisual/Catalogo_Digital_Aceros_Pe-ascal/catalogo-web/fotos/137651.webp,https://urrea.com/media/catalog/product/1/3/137651.jpeg
MARR2,URREA HERRAMIENTAS PROFESIONALES S.A DE C.V,MARR2.webp,ok,guardado en /home/rodrigo/Documentos/ProyectosVisual/Catalogo_Digital_Aceros_Pe-ascal/catalogo-web/fotos/MARR2.webp,https://urrea.com/media/catalog/product/M/A/MARR2FV_20260205120132.jpg
137827,URREA HERRAMIENTAS PROFESIONALES S.A DE C.V,137827.webp,skip,sin coincidencia en fuente oficial,
137820,URREA HERRAMIENTAS PROFESIONALES S.A DE C.V,137820.webp,skip,sin coincidencia en fuente oficial,
CA218,URREA HERRAMIENTAS PROFESIONALES S.A DE C.V,CA218.webp,skip,sin coincidencia en fuente oficial,
CAP214,URREA HERRAMIENTAS PROFESIONALES S.A DE C.V,CAP214.webp,skip,sin coincidencia en fuente oficial,
150851,URREA HERRAMIENTAS PROFESIONALES S.A DE C.V,150851.webp,ok,guardado en /home/rodrigo/Documentos/ProyectosVisual/Catalogo_Digital_Aceros_Pe-ascal/catalogo-web/fotos/150851.webp,https://medios.urrea.com/catalogo/Surtek/hd/143421.jpg
150847,URREA HERRAMIENTAS PROFESIONALES S.A DE C.V,150847.webp,skip,sin coincidencia en fuente oficial,
150850,URREA HERRAMIENTAS PROFESIONALES S.A DE C.V,150850.webp,skip,sin coincidencia en fuente oficial,
138102,URREA HERRAMIENTAS PROFESIONALES S.A DE C.V,138102.webp,skip,sin coincidencia en fuente oficial,
PM103,URREA HERRAMIENTAS PROFESIONALES S.A DE C.V,PM103.webp,skip,sin coincidencia en fuente oficial,
PM124,URREA HERRAMIENTAS PROFESIONALES S.A DE C.V,PM124.webp,ok,guardado en /home/rodrigo/Documentos/ProyectosVisual/Catalogo_Digital_Aceros_Pe-ascal/catalogo-web/fotos/PM124.webp,https://urrea.com/media/catalog/product/P/M/PM12114_f_20251014092750.jpg
PM61,URREA HERRAMIENTAS PROFESIONALES S.A DE C.V,PM61.webp,skip,sin coincidencia en fuente oficial,
PM6114,URREA HERRAMIENTAS PROFESIONALES S.A DE C.V,PM6114.webp,ok,guardado en /home/rodrigo/Documentos/ProyectosVisual/Catalogo_Digital_Aceros_Pe-ascal/catalogo-web/fotos/PM6114.webp,https://urrea.com/media/catalog/product/P/M/PM8134_f_20251014092831.jpg
PMC61,URREA HERRAMIENTAS PROFESIONALES S.A DE C.V,PMC61.webp,ok,guardado en /home/rodrigo/Documentos/ProyectosVisual/Catalogo_Digital_Aceros_Pe-ascal/catalogo-web/fotos/PMC61.webp,https://urrea.com/media/catalog/product/P/M/PM61_20251014092811.jpg
PMC6112,URREA HERRAMIENTAS PROFESIONALES S.A DE C.V,PMC6112.webp,skip,sin coincidencia en fuente oficial,
PFR6190,URREA HERRAMIENTAS PROFESIONALES S.A DE C.V,PFR6190.webp,skip,sin coincidencia en fuente oficial,
PFR6090,URREA HERRAMIENTAS PROFESIONALES S.A DE C.V,PFR6090.webp,skip,sin coincidencia en fuente oficial,
142069,URREA HERRAMIENTAS PROFESIONALES S.A DE C.V,142069.webp,ok,guardado en /home/rodrigo/Documentos/ProyectosVisual/Catalogo_Digital_Aceros_Pe-ascal/catalogo-web/fotos/142069.webp,https://medios.urrea.com/catalogo/Urrea/hd/260R.jpg
115058,URREA HERRAMIENTAS PROFESIONALES S.A DE C.V,115058.webp,ok,guardado en /home/rodrigo/Documentos/ProyectosVisual/Catalogo_Digital_Aceros_Pe-ascal/catalogo-web/fotos/115058.webp,https://medios.urrea.com/catalogo/Urrea/hd/260R.jpg
PUNPPH2PL,URREA HERRAMIENTAS PROFESIONALES S.A DE C.V,PUNPPH2PL.webp,ok,guardado en /home/rodrigo/Documentos/ProyectosVisual/Catalogo_Digital_Aceros_Pe-ascal/catalogo-web/fotos/PUNPPH2PL.webp,https://medios.urrea.com/catalogo/Surtek/hd/107054.jpg
RMARRO,URREA HERRAMIENTAS PROFESIONALES S.A DE C.V,RMARRO.webp,skip,sin coincidencia en fuente oficial,
EXHE2G,URREA HERRAMIENTAS PROFESIONALES S.A DE C.V,EXHE2G.webp,skip,sin coincidencia en fuente oficial,
REMA113411,URREA HERRAMIENTAS PROFESIONALES S.A DE C.V,REMA113411.webp,skip,sin coincidencia en fuente oficial,
REMA113420,URREA HERRAMIENTAS PROFESIONALES S.A DE C.V,REMA113420.webp,skip,sin coincidencia en fuente oficial,
RE4G,URREA HERRAMIENTAS PROFESIONALES S.A DE C.V,RE4G.webp,skip,sin coincidencia en fuente oficial,
RE5G,URREA HERRAMIENTAS PROFESIONALES S.A DE C.V,RE5G.webp,ok,guardado en /home/rodrigo/Documentos/ProyectosVisual/Catalogo_Digital_Aceros_Pe-ascal/catalogo-web/fotos/RE5G.webp,https://urrea.com/media/catalog/product/R/E/RE5G_20251014093253.jpg
RY5PB,URREA HERRAMIENTAS PROFESIONALES S.A DE C.V,RY5PB.webp,skip,sin coincidencia en fuente oficial,
123388,URREA HERRAMIENTAS PROFESIONALES S.A DE C.V,123388.webp,skip,sin coincidencia en fuente oficial,
34014,URREA HERRAMIENTAS PROFESIONALES S.A DE C.V,34014.webp,skip,sin coincidencia en fuente oficial,
SICOCI60,URREA HERRAMIENTAS PROFESIONALES S.A DE C.V,SICOCI60.webp,skip,sin coincidencia en fuente oficial,
151130,URREA HERRAMIENTAS PROFESIONALES S.A DE C.V,151130.webp,skip,sin coincidencia en fuente oficial,
118007,URREA HERRAMIENTAS PROFESIONALES S.A DE C.V,118007.webp,skip,sin coincidencia en fuente oficial,
118008,URREA HERRAMIENTAS PROFESIONALES S.A DE C.V,118008.webp,skip,sin coincidencia en fuente oficial,
"TIGCORLAM14""",URREA HERRAMIENTAS PROFESIONALES S.A DE C.V,TIGCORLAM14.webp,skip,sin coincidencia en fuente oficial,
107061,URREA HERRAMIENTAS PROFESIONALES S.A DE C.V,107061.webp,skip,sin coincidencia en fuente oficial,
DUELAZ3X91.5,VICTOR HUGO HERNANDEZ AGUILAR,DUELAZ3X91-5.webp,skip,sin coincidencia en fuente oficial,
DUELZ3X.915CBCH,VICTOR HUGO HERNANDEZ AGUILAR,DUELZ3X-915CBCH.webp,skip,sin coincidencia en fuente oficial,
DUELZ6X3.05,VICTOR HUGO HERNANDEZ AGUILAR,DUELZ6X3-05.webp,skip,sin coincidencia en fuente oficial,
DUELZ11X2.44R,VICTOR HUGO HERNANDEZ AGUILAR,DUELZ11X2-44R.webp,skip,sin coincidencia en fuente oficial,
DUE14X10SQ,VICTOR HUGO HERNANDEZ AGUILAR,DUE14X10SQ.webp,skip,sin coincidencia en fuente oficial,
DUE4X91SQ,VICTOR HUGO HERNANDEZ AGUILAR,DUE4X91SQ.webp,skip,sin coincidencia en fuente oficial,
DUELZ4X91.5R,VICTOR HUGO HERNANDEZ AGUILAR,DUELZ4X91-5R.webp,skip,sin coincidencia en fuente oficial,
DUE5X1.05SQ,VICTOR HUGO HERNANDEZ AGUILAR,DUE5X1-05SQ.webp,skip,sin coincidencia en fuente oficial,
DUELZ5X1.83CB,VICTOR HUGO HERNANDEZ AGUILAR,DUELZ5X1-83CB.webp,skip,sin coincidencia en fuente oficial,
DUELZ5X1.83,VICTOR HUGO HERNANDEZ AGUILAR,DUELZ5X1-83.webp,skip,sin coincidencia en fuente oficial,
DUELZ8X1.83R,VICTOR HUGO HERNANDEZ AGUILAR,DUELZ8X1-83R.webp,skip,sin coincidencia en fuente oficial,
RIELCP6,VICTOR HUGO HERNANDEZ AGUILAR,RIELCP6.webp,skip,sin coincidencia en fuente oficial,
TABZ3X3B75CMX91.5CM,VICTOR HUGO HERNANDEZ AGUILAR,TABZ3X3B75CMX91-5CM.webp,skip,sin coincidencia en fuente oficial,
TABZ3X3SQ75CMX91.5CM,VICTOR HUGO HERNANDEZ AGUILAR,TABZ3X3SQ75CMX91-5CM.webp,skip,sin coincidencia en fuente oficial,
TABZ3X6CB75CMX1.83MT,VICTOR HUGO HERNANDEZ AGUILAR,TABZ3X6CB75CMX1-83MT.webp,skip,sin coincidencia en fuente oficial,
TABZ3X6B75CMX1.83MTS,VICTOR HUGO HERNANDEZ AGUILAR,TABZ3X6B75CMX1-83MTS.webp,skip,sin coincidencia en fuente oficial,
TABZ3X6SQ75CMX1.83MT,VICTOR HUGO HERNANDEZ AGUILAR,TABZ3X6SQ75CMX1-83MT.webp,skip,sin coincidencia en fuente oficial,
ZT484X10,VICTOR HUGO HERNANDEZ AGUILAR,ZT484X10.webp,skip,sin coincidencia en fuente oficial,
TAB.SQ4X10,VICTOR HUGO HERNANDEZ AGUILAR,TAB-SQ4X10.webp,skip,sin coincidencia en fuente oficial,
ZT484X3,VICTOR HUGO HERNANDEZ AGUILAR,ZT484X3.webp,skip,sin coincidencia en fuente oficial,
TABZ4X3CB1MTSX91.5CM,VICTOR HUGO HERNANDEZ AGUILAR,TABZ4X3CB1MTSX91-5CM.webp,skip,sin coincidencia en fuente oficial,
TABZ4X3B1MTSX91.5CM,VICTOR HUGO HERNANDEZ AGUILAR,TABZ4X3B1MTSX91-5CM.webp,skip,sin coincidencia en fuente oficial,
TABZ4X3SQ1MTSX91.5CM,VICTOR HUGO HERNANDEZ AGUILAR,TABZ4X3SQ1MTSX91-5CM.webp,skip,sin coincidencia en fuente oficial,
ZT484X6,VICTOR HUGO HERNANDEZ AGUILAR,ZT484X6.webp,skip,sin coincidencia en fuente oficial,
TABZ4X6CB1MTSX1.83MT,VICTOR HUGO HERNANDEZ AGUILAR,TABZ4X6CB1MTSX1-83MT.webp,skip,sin coincidencia en fuente oficial,
ZT484X6.5,VICTOR HUGO HERNANDEZ AGUILAR,ZT484X6-5.webp,skip,sin coincidencia en fuente oficial,
ZT483X8,VICTOR HUGO HERNANDEZ AGUILAR,ZT483X8.webp,skip,sin coincidencia en fuente oficial,
TCPC245,VICTOR HUGO HERNANDEZ AGUILAR,TCPC245.webp,skip,sin coincidencia en fuente oficial,
TCPC246,VICTOR HUGO HERNANDEZ AGUILAR,TCPC246.webp,skip,sin coincidencia en fuente oficial,
WSR-300,WAREZOM S.A DE C.V,WSR-300.webp,skip,proveedor sin dominios oficiales configurados,
