codigo,proveedor,archivo,estado,detalle,url
FIG-C2,ACEROS PEÑASCAL STA. LUCIA,FIG-C2.webp,skip,proveedor sin dominios oficiales configurados,
TERMP01,ACEROS PEÑASCAL STA. LUCIA,TERMP01.webp,skip,proveedor sin dominios oficiales configurados,
ANGD,ANITA DE LOS SANTOS DE LA ROSA,ANGD.webp,skip,proveedor sin dominios oficiales configurados,
ANGI,ANITA DE LOS SANTOS DE LA ROSA,ANGI.webp,skip,proveedor sin dominios oficiales configurados,
BOTONRFC,ANITA DE LOS SANTOS DE LA ROSA,BOTONRFC.webp,skip,proveedor sin dominios oficiales configurados,
CHAPLAME,ANITA DE LOS SANTOS DE LA ROSA,CHAPLAME.webp,skip,archivo existente,
ECLAZTE,ANITA DE LOS SANTOS DE LA ROSA,ECLAZTE.webp,skip,proveedor sin dominios oficiales configurados,
ECLCHFC,ANITA DE LOS SANTOS DE LA ROSA,ECLCHFC.webp,skip,proveedor sin dominios oficiales configurados,
FIGFCP/R,ANITA DE LOS SANTOS DE LA ROSA,FIGFCP-R.webp,skip,proveedor sin dominios oficiales configurados,
FIGFCR,ANITA DE LOS SANTOS DE LA ROSA,FIGFCR.webp,skip,archivo existente,
FIGFCUVA,ANITA DE LOS SANTOS DE LA ROSA,FIGFCUVA.webp,skip,archivo existente,
FIGFCP/R16,ANITA DE LOS SANTOS DE LA ROSA,FIGFCP-R16.webp,skip,proveedor sin dominios oficiales configurados,
FLORMARG,ANITA DE LOS SANTOS DE LA ROSA,FLORMARG.webp,skip,archivo existente,
GALLOFC,ANITA DE LOS SANTOS DE LA ROSA,GALLOFC.webp,skip,archivo existente,
HLIRA,ANITA DE LOS SANTOS DE LA ROSA,HLIRA.webp,skip,archivo existente,
JALALU,ANITA DE LOS SANTOS DE LA ROSA,JALALU.webp,skip,proveedor sin dominios oficiales configurados,
JALELECTROC,ANITA DE LOS SANTOS DE LA ROSA,JALELECTROC.webp,skip,archivo existente,
JAL-CLT,ANITA DE LOS SANTOS DE LA ROSA,JAL-CLT.webp,skip,archivo existente,
JALELECTROO,ANITA DE LOS SANTOS DE LA ROSA,JALELECTROO.webp,skip,archivo existente,
JALRUSPCC/P,ANITA DE LOS SANTOS DE LA ROSA,JALRUSPCC-P.webp,skip,archivo existente,
JALRUSP,ANITA DE LOS SANTOS DE LA ROSA,JALRUSP.webp,skip,archivo existente,
JALRUSPC/P,ANITA DE LOS SANTOS DE LA ROSA,JALRUSPC-P.webp,skip,archivo existente,
JINETEFC,ANITA DE LOS SANTOS DE LA ROSA,JINETEFC.webp,skip,proveedor sin dominios oficiales configurados,
JGAMA13,ANITA DE LOS SANTOS DE LA ROSA,JGAMA13.webp,skip,proveedor sin dominios oficiales configurados,
LEONFC,ANITA DE LOS SANTOS DE LA ROSA,LEONFC.webp,skip,proveedor sin dominios oficiales configurados,
LUCHFC,ANITA DE LOS SANTOS DE LA ROSA,LUCHFC.webp,skip,proveedor sin dominios oficiales configurados,
MEDACH,ANITA DE LOS SANTOS DE LA ROSA,MEDACH.webp,skip,proveedor sin dominios oficiales configurados,
MEDAGDE,ANITA DE LOS SANTOS DE LA ROSA,MEDAGDE.webp,skip,proveedor sin dominios oficiales configurados,
MEDEGDE2,ANITA DE LOS SANTOS DE LA ROSA,MEDEGDE2.webp,skip,archivo existente,
PUNLIZ,ANITA DE LOS SANTOS DE LA ROSA,PUNLIZ.webp,skip,archivo existente,
PUNPIC,ANITA DE LOS SANTOS DE LA ROSA,PUNPIC.webp,skip,proveedor sin dominios oficiales configurados,
PUNREY,ANITA DE LOS SANTOS DE LA ROSA,PUNREY.webp,skip,proveedor sin dominios oficiales configurados,
RAUVA1,ANITA DE LOS SANTOS DE LA ROSA,RAUVA1.webp,skip,proveedor sin dominios oficiales configurados,
CORONA,ANITA DE LOS SANTOS DE LA ROSA,CORONA.webp,skip,proveedor sin dominios oficiales configurados,
SOLCHFC,ANITA DE LOS SANTOS DE LA ROSA,SOLCHFC.webp,skip,proveedor sin dominios oficiales configurados,
SOLFCG,ANITA DE LOS SANTOS DE LA ROSA,SOLFCG.webp,skip,proveedor sin dominios oficiales configurados,
SOLMEDFC,ANITA DE LOS SANTOS DE LA ROSA,SOLMEDFC.webp,skip,proveedor sin dominios oficiales configurados,
TOCAPMAN,ANITA DE LOS SANTOS DE LA ROSA,TOCAPMAN.webp,skip,archivo existente,
TOCAPCH,ANITA DE LOS SANTOS DE LA ROSA,TOCAPCH.webp,skip,archivo existente,
CURCS16,CASCAR INTERNATIONAL S. DE R.L DE C.V,CURCS16.webp,skip,proveedor sin dominios oficiales configurados,
P6X6-1/4,CASCAR INTERNATIONAL S. DE R.L DE C.V,P6X6-1-4.webp,skip,proveedor sin dominios oficiales configurados,
TAPIGDE,CASCAR INTERNATIONAL S. DE R.L DE C.V,TAPIGDE.webp,skip,proveedor sin dominios oficiales configurados,
CASO70,"CHAPA INDUSTRIAS, S.A DE C.V",CASO70.webp,skip,proveedor sin dominios oficiales configurados,
CAND16932,"CHAPA INDUSTRIAS, S.A DE C.V",CAND16932.webp,skip,proveedor sin dominios oficiales configurados,
CAND16934,"CHAPA INDUSTRIAS, S.A DE C.V",CAND16934.webp,skip,proveedor sin dominios oficiales configurados,
CAND16933,"CHAPA INDUSTRIAS, S.A DE C.V",CAND16933.webp,skip,proveedor sin dominios oficiales configurados,
CAND6940,"CHAPA INDUSTRIAS, S.A DE C.V",CAND6940.webp,skip,proveedor sin dominios oficiales configurados,
CAND6942,"CHAPA INDUSTRIAS, S.A DE C.V",CAND6942.webp,skip,proveedor sin dominios oficiales configurados,
CAND6939,"CHAPA INDUSTRIAS, S.A DE C.V",CAND6939.webp,skip,proveedor sin dominios oficiales configurados,
CANCOM6924,"CHAPA INDUSTRIAS, S.A DE C.V",CANCOM6924.webp,skip,proveedor sin dominios oficiales configurados,
CAND6915,"CHAPA INDUSTRIAS, S.A DE C.V",CAND6915.webp,skip,proveedor sin dominios oficiales configurados,
CAND6917,"CHAPA INDUSTRIAS, S.A DE C.V",CAND6917.webp,skip,proveedor sin dominios oficiales configurados,
CERD6634,"CHAPA INDUSTRIAS, S.A DE C.V",CERD6634.webp,skip,proveedor sin dominios oficiales configurados,
CERD6339,"CHAPA INDUSTRIAS, S.A DE C.V",CERD6339.webp,skip,proveedor sin dominios oficiales configurados,
CERD6336,"CHAPA INDUSTRIAS, S.A DE C.V",CERD6336.webp,skip,proveedor sin dominios oficiales configurados,
CERD6730,"CHAPA INDUSTRIAS, S.A DE C.V",CERD6730.webp,skip,proveedor sin dominios oficiales configurados,
CHAD6740,"CHAPA INDUSTRIAS, S.A DE C.V",CHAD6740.webp,skip,proveedor sin dominios oficiales configurados,
CHAD5802,"CHAPA INDUSTRIAS, S.A DE C.V",CHAD5802.webp,skip,archivo existente,
CHAD6744,"CHAPA INDUSTRIAS, S.A DE C.V",CHAD6744.webp,skip,proveedor sin dominios oficiales configurados,
CHAD6641,"CHAPA INDUSTRIAS, S.A DE C.V",CHAD6641.webp,skip,archivo existente,
CHAD4189,"CHAPA INDUSTRIAS, S.A DE C.V",CHAD4189.webp,skip,proveedor sin dominios oficiales configurados,
CHAD6305,"CHAPA INDUSTRIAS, S.A DE C.V",CHAD6305.webp,skip,proveedor sin dominios oficiales configurados,
CHA4187,"CHAPA INDUSTRIAS, S.A DE C.V",CHA4187.webp,skip,proveedor sin dominios oficiales configurados,
CHAD4186,"CHAPA INDUSTRIAS, S.A DE C.V",CHAD4186.webp,skip,proveedor sin dominios oficiales configurados,
CHAD6754,"CHAPA INDUSTRIAS, S.A DE C.V",CHAD6754.webp,skip,proveedor sin dominios oficiales configurados,
PASDEX3475,"CHAPA INDUSTRIAS, S.A DE C.V",PASDEX3475.webp,skip,proveedor sin dominios oficiales configurados,
4065,"CHAPA INDUSTRIAS, S.A DE C.V",4065.webp,skip,proveedor sin dominios oficiales configurados,
4058,"CHAPA INDUSTRIAS, S.A DE C.V",4058.webp,skip,proveedor sin dominios oficiales configurados,
4066,"CHAPA INDUSTRIAS, S.A DE C.V",4066.webp,skip,proveedor sin dominios oficiales configurados,
4061,"CHAPA INDUSTRIAS, S.A DE C.V",4061.webp,skip,proveedor sin dominios oficiales configurados,
CBR2,"COMPLEMENTOS COBY,SA DE C.V",CBR2.webp,skip,proveedor sin dominios oficiales configurados,
INSER009,"DISTRIBUIDORA DE ACEROS ESTRUCTURALES, S.A DE C.V",INSER009.webp,skip,proveedor sin dominios oficiales configurados,
INSER026,"DISTRIBUIDORA DE ACEROS ESTRUCTURALES, S.A DE C.V",INSER026.webp,skip,proveedor sin dominios oficiales configurados,
INSER006,"DISTRIBUIDORA DE ACEROS ESTRUCTURALES, S.A DE C.V",INSER006.webp,skip,proveedor sin dominios oficiales configurados,
BIGOT-013,"DISTRIBUIDORA DE ACEROS ESTRUCTURALES, S.A DE C.V",BIGOT-013.webp,skip,proveedor sin dominios oficiales configurados,
BIGOT-016,"DISTRIBUIDORA DE ACEROS ESTRUCTURALES, S.A DE C.V",BIGOT-016.webp,skip,proveedor sin dominios oficiales configurados,
HOJA006,"DISTRIBUIDORA DE ACEROS ESTRUCTURALES, S.A DE C.V",HOJA006.webp,skip,proveedor sin dominios oficiales configurados,
FLODE007,"DISTRIBUIDORA DE ACEROS ESTRUCTURALES, S.A DE C.V",FLODE007.webp,skip,proveedor sin dominios oficiales configurados,
PIE-ENC,"DISTRIBUIDORA DE ACEROS ESTRUCTURALES, S.A DE C.V",PIE-ENC.webp,skip,proveedor sin dominios oficiales configurados,
RIZO014,"DISTRIBUIDORA DE ACEROS ESTRUCTURALES, S.A DE C.V",RIZO014.webp,skip,proveedor sin dominios oficiales configurados,
RIZO011,"DISTRIBUIDORA DE ACEROS ESTRUCTURALES, S.A DE C.V",RIZO011.webp,skip,proveedor sin dominios oficiales configurados,
BIRLO5X400,DISTRIBUIDORA MAYORISTA DE TORNILLOS DE YUCATAN,BIRLO5X400.webp,skip,proveedor sin dominios oficiales configurados,
BIRLO6X200,DISTRIBUIDORA MAYORISTA DE TORNILLOS DE YUCATAN,BIRLO6X200.webp,skip,proveedor sin dominios oficiales configurados,
PIJA8X3/4,DISTRIBUIDORA MAYORISTA DE TORNILLOS DE YUCATAN,PIJA8X3-4.webp,skip,proveedor sin dominios oficiales configurados,
PIJA10X11/2,DISTRIBUIDORA MAYORISTA DE TORNILLOS DE YUCATAN,PIJA10X11-2.webp,skip,archivo existente,
PIJA10X2,DISTRIBUIDORA MAYORISTA DE TORNILLOS DE YUCATAN,PIJA10X2.webp,skip,archivo existente,
PIJA8X11/2,DISTRIBUIDORA MAYORISTA DE TORNILLOS DE YUCATAN,PIJA8X11-2.webp,skip,archivo existente,
PIJA8X1,DISTRIBUIDORA MAYORISTA DE TORNILLOS DE YUCATAN,PIJA8X1.webp,skip,archivo existente,
PIJAKLATH8X11/2,DISTRIBUIDORA MAYORISTA DE TORNILLOS DE YUCATAN,PIJAKLATH8X11-2.webp,skip,archivo existente,
PIJAKLATH8X1,DISTRIBUIDORA MAYORISTA DE TORNILLOS DE YUCATAN,PIJAKLATH8X1.webp,skip,archivo existente,
PIJAKLATH8X1/2,DISTRIBUIDORA MAYORISTA DE TORNILLOS DE YUCATAN,PIJAKLATH8X1-2.webp,skip,archivo existente,
RONPREGAL16,DISTRIBUIDORA MAYORISTA DE TORNILLOS DE YUCATAN,RONPREGAL16.webp,skip,proveedor sin dominios oficiales configurados,
TORCOGALV.6X38,DISTRIBUIDORA MAYORISTA DE TORNILLOS DE YUCATAN,TORCOGALV-6X38.webp,skip,proveedor sin dominios oficiales configurados,
TORCAGALV.6X50,DISTRIBUIDORA MAYORISTA DE TORNILLOS DE YUCATAN,TORCAGALV-6X50.webp,skip,proveedor sin dominios oficiales configurados,
TORCOGALV6X100,DISTRIBUIDORA MAYORISTA DE TORNILLOS DE YUCATAN,TORCOGALV6X100.webp,skip,proveedor sin dominios oficiales configurados,
TORHEXGAL6X75,DISTRIBUIDORA MAYORISTA DE TORNILLOS DE YUCATAN,TORHEXGAL6X75.webp,skip,archivo existente,
VARO25,DISTRIBUIDORA MAYORISTA DE TORNILLOS DE YUCATAN,VARO25.webp,skip,archivo existente,
VARO13,DISTRIBUIDORA MAYORISTA DE TORNILLOS DE YUCATAN,VARO13.webp,skip,archivo existente,
VAROS6,DISTRIBUIDORA MAYORISTA DE TORNILLOS DE YUCATAN,VAROS6.webp,skip,archivo existente,
VAROS5,DISTRIBUIDORA MAYORISTA DE TORNILLOS DE YUCATAN,VAROS5.webp,skip,archivo existente,
VAROS19,DISTRIBUIDORA MAYORISTA DE TORNILLOS DE YUCATAN,VAROS19.webp,skip,archivo existente,
VAROS10,DISTRIBUIDORA MAYORISTA DE TORNILLOS DE YUCATAN,VAROS10.webp,skip,archivo existente,
VAROS8X1,DISTRIBUIDORA MAYORISTA DE TORNILLOS DE YUCATAN,VAROS8X1.webp,skip,archivo existente,
VAROS16,DISTRIBUIDORA MAYORISTA DE TORNILLOS DE YUCATAN,VAROS16.webp,skip,archivo existente,
AROSOL,"FABRICACION DE HERRAJES DE OCCIDENTE, S.A",AROSOL.webp,skip,proveedor sin dominios oficiales configurados,
FIGSOLB,"FABRICACION DE HERRAJES DE OCCIDENTE, S.A",FIGSOLB.webp,skip,proveedor sin dominios oficiales configurados,
REMA610LF,"FERRETERA CANTABRIA, S.A DE C.V",REMA610LF.webp,skip,proveedor sin dominios oficiales configurados,
"BROIRW7/16""","FERRETERA CENTRAL DEL GOLFO, S.A DE C.V",BROIRW7-16.webp,skip,archivo existente,
BROCON1/4X6D24365,"FERRETERA CENTRAL DEL GOLFO, S.A DE C.V",BROCON1-4X6D24365.webp,skip,proveedor sin dominios oficiales configurados,
BROCON3/8X12D24418,"FERRETERA CENTRAL DEL GOLFO, S.A DE C.V",BROCON3-8X12D24418.webp,skip,proveedor sin dominios oficiales configurados,
BROCONI3/16X39MM,"FERRETERA CENTRAL DEL GOLFO, S.A DE C.V",BROCONI3-16X39MM.webp,skip,archivo existente,
CANPHILLTX-9TETRA,"FERRETERA CENTRAL DEL GOLFO, S.A DE C.V",CANPHILLTX-9TETRA.webp,skip,proveedor sin dominios oficiales configurados,
CHA800FI-AS,"FERRETERA CENTRAL DEL GOLFO, S.A DE C.V",CHA800FI-AS.webp,skip,proveedor sin dominios oficiales configurados,
CHA525DC,"FERRETERA CENTRAL DEL GOLFO, S.A DE C.V",CHA525DC.webp,skip,archivo existente,
CORBOSCH,"FERRETERA CENTRAL DEL GOLFO, S.A DE C.V",CORBOSCH.webp,skip,proveedor sin dominios oficiales configurados,
64814,"FERRETERA CENTRAL DEL GOLFO, S.A DE C.V",64814.webp,skip,proveedor sin dominios oficiales configurados,
DFANDG6041/2,"FERRETERA CENTRAL DEL GOLFO, S.A DE C.V",DFANDG6041-2.webp,skip,proveedor sin dominios oficiales configurados,
64815,"FERRETERA CENTRAL DEL GOLFO, S.A DE C.V",64815.webp,skip,proveedor sin dominios oficiales configurados,
DFANDG8041/2,"FERRETERA CENTRAL DEL GOLFO, S.A DE C.V",DFANDG8041-2.webp,skip,proveedor sin dominios oficiales configurados,
DA60M,"FERRETERA CENTRAL DEL GOLFO, S.A DE C.V",DA60M.webp,skip,proveedor sin dominios oficiales configurados,
DG80PFER41/2,"FERRETERA CENTRAL DEL GOLFO, S.A DE C.V",DG80PFER41-2.webp,skip,proveedor sin dominios oficiales configurados,
33611,"FERRETERA CENTRAL DEL GOLFO, S.A DE C.V",33611.webp,skip,proveedor sin dominios oficiales configurados,
14512,"FERRETERA CENTRAL DEL GOLFO, S.A DE C.V",14512.webp,skip,proveedor sin dominios oficiales configurados,
PIS-314,"FERRETERA CENTRAL DEL GOLFO, S.A DE C.V",PIS-314.webp,skip,proveedor sin dominios oficiales configurados,
NIVMAGSTAN,"FERRETERA CENTRAL DEL GOLFO, S.A DE C.V",NIVMAGSTAN.webp,skip,proveedor sin dominios oficiales configurados,
PETEKG1,"FERRETERA CENTRAL DEL GOLFO, S.A DE C.V",PETEKG1.webp,skip,archivo existente,
38461,"FERRETERA CENTRAL DEL GOLFO, S.A DE C.V",38461.webp,skip,archivo existente,
7356,"FERRETERA CENTRAL DEL GOLFO, S.A DE C.V",7356.webp,skip,archivo existente,
RESDBL,"FERRETERA CENTRAL DEL GOLFO, S.A DE C.V",RESDBL.webp,skip,archivo existente,
"SEGL6""-24DPP","FERRETERA CENTRAL DEL GOLFO, S.A DE C.V",SEGL6-24DPP.webp,skip,archivo existente,
"SICOL1""","FERRETERA CENTRAL DEL GOLFO, S.A DE C.V",SICOL1.webp,skip,proveedor sin dominios oficiales configurados,
"SICOL1""1/4","FERRETERA CENTRAL DEL GOLFO, S.A DE C.V",SICOL1-1-4.webp,skip,proveedor sin dominios oficiales configurados,
"SICOL2""1/2","FERRETERA CENTRAL DEL GOLFO, S.A DE C.V",SICOL2-1-2.webp,skip,proveedor sin dominios oficiales configurados,
"SICOL3""","FERRETERA CENTRAL DEL GOLFO, S.A DE C.V",SICOL3.webp,skip,proveedor sin dominios oficiales configurados,
"SICOL7/8""","FERRETERA CENTRAL DEL GOLFO, S.A DE C.V",SICOL7-8.webp,skip,proveedor sin dominios oficiales configurados,
SILDUR300ML,"FERRETERA CENTRAL DEL GOLFO, S.A DE C.V",SILDUR300ML.webp,skip,archivo existente,
SICARSISAB300,"FERRETERA CENTRAL DEL GOLFO, S.A DE C.V",SICARSISAB300.webp,skip,proveedor sin dominios oficiales configurados,
SILDUR95GR,"FERRETERA CENTRAL DEL GOLFO, S.A DE C.V",SILDUR95GR.webp,skip,archivo existente,
SILSALCHD600ML,"FERRETERA CENTRAL DEL GOLFO, S.A DE C.V",SILSALCHD600ML.webp,skip,archivo existente,
ALACISLAM,"FORJA ARTISTICA RENACIMIENTO, S.A DE C.V",ALACISLAM.webp,skip,archivo existente,
ALAQD,"FORJA ARTISTICA RENACIMIENTO, S.A DE C.V",ALAQD.webp,skip,proveedor sin dominios oficiales configurados,
ALAQ,"FORJA ARTISTICA RENACIMIENTO, S.A DE C.V",ALAQ.webp,skip,proveedor sin dominios oficiales configurados,
ALAS,"FORJA ARTISTICA RENACIMIENTO, S.A DE C.V",ALAS.webp,skip,proveedor sin dominios oficiales configurados,
ANCH,"FORJA ARTISTICA RENACIMIENTO, S.A DE C.V",ANCH.webp,skip,proveedor sin dominios oficiales configurados,
APACHED,"FORJA ARTISTICA RENACIMIENTO, S.A DE C.V",APACHED.webp,skip,proveedor sin dominios oficiales configurados,
AROC16,"FORJA ARTISTICA RENACIMIENTO, S.A DE C.V",AROC16.webp,skip,proveedor sin dominios oficiales configurados,
ARORED10,"FORJA ARTISTICA RENACIMIENTO, S.A DE C.V",ARORED10.webp,skip,proveedor sin dominios oficiales configurados,
AROSOL5,"FORJA ARTISTICA RENACIMIENTO, S.A DE C.V",AROSOL5.webp,skip,proveedor sin dominios oficiales configurados,
CALEON,"FORJA ARTISTICA RENACIMIENTO, S.A DE C.V",CALEON.webp,skip,proveedor sin dominios oficiales configurados,
CALOBO,"FORJA ARTISTICA RENACIMIENTO, S.A DE C.V",CALOBO.webp,skip,proveedor sin dominios oficiales configurados,
CGN5,"FORJA ARTISTICA RENACIMIENTO, S.A DE C.V",CGN5.webp,skip,archivo existente,
CGN7,"FORJA ARTISTICA RENACIMIENTO, S.A DE C.V",CGN7.webp,skip,archivo existente,
CATGHF,"FORJA ARTISTICA RENACIMIENTO, S.A DE C.V",CATGHF.webp,skip,proveedor sin dominios oficiales configurados,
CHA150,"FORJA ARTISTICA RENACIMIENTO, S.A DE C.V",CHA150.webp,skip,archivo existente,
CONSGDE,"FORJA ARTISTICA RENACIMIENTO, S.A DE C.V",CONSGDE.webp,skip,proveedor sin dominios oficiales configurados,
COTOD,"FORJA ARTISTICA RENACIMIENTO, S.A DE C.V",COTOD.webp,skip,proveedor sin dominios oficiales configurados,
CRESTA,"FORJA ARTISTICA RENACIMIENTO, S.A DE C.V",CRESTA.webp,skip,proveedor sin dominios oficiales configurados,
CUCF16,"FORJA ARTISTICA RENACIMIENTO, S.A DE C.V",CUCF16.webp,skip,proveedor sin dominios oficiales configurados,
ECLGDE,"FORJA ARTISTICA RENACIMIENTO, S.A DE C.V",ECLGDE.webp,skip,proveedor sin dominios oficiales configurados,
FIG-C14,"FORJA ARTISTICA RENACIMIENTO, S.A DE C.V",FIG-C14.webp,skip,proveedor sin dominios oficiales configurados,
FIG-C15,"FORJA ARTISTICA RENACIMIENTO, S.A DE C.V",FIG-C15.webp,skip,proveedor sin dominios oficiales configurados,
FIG-C16,"FORJA ARTISTICA RENACIMIENTO, S.A DE C.V",FIG-C16.webp,skip,proveedor sin dominios oficiales configurados,
FIG-C5,"FORJA ARTISTICA RENACIMIENTO, S.A DE C.V",FIG-C5.webp,skip,proveedor sin dominios oficiales configurados,
FIG-C8,"FORJA ARTISTICA RENACIMIENTO, S.A DE C.V",FIG-C8.webp,skip,proveedor sin dominios oficiales configurados,
FIGB-2,"FORJA ARTISTICA RENACIMIENTO, S.A DE C.V",FIGB-2.webp,skip,proveedor sin dominios oficiales configurados,
FIGSOLA1,"FORJA ARTISTICA RENACIMIENTO, S.A DE C.V",FIGSOLA1.webp,skip,proveedor sin dominios oficiales configurados,
FIGSOLA,"FORJA ARTISTICA RENACIMIENTO, S.A DE C.V",FIGSOLA.webp,skip,proveedor sin dominios oficiales configurados,
FIGSOLC,"FORJA ARTISTICA RENACIMIENTO, S.A DE C.V",FIGSOLC.webp,skip,proveedor sin dominios oficiales configurados,
FIGSOLCC,"FORJA ARTISTICA RENACIMIENTO, S.A DE C.V",FIGSOLCC.webp,skip,proveedor sin dominios oficiales configurados,
FIGSOLO,"FORJA ARTISTICA RENACIMIENTO, S.A DE C.V",FIGSOLO.webp,skip,proveedor sin dominios oficiales configurados,
FIGSOLS1,"FORJA ARTISTICA RENACIMIENTO, S.A DE C.V",FIGSOLS1.webp,skip,proveedor sin dominios oficiales configurados,
FIGSOLS,"FORJA ARTISTICA RENACIMIENTO, S.A DE C.V",FIGSOLS.webp,skip,proveedor sin dominios oficiales configurados,
FIGSOLT,"FORJA ARTISTICA RENACIMIENTO, S.A DE C.V",FIGSOLT.webp,skip,proveedor sin dominios oficiales configurados,
FIGSOLW1,"FORJA ARTISTICA RENACIMIENTO, S.A DE C.V",FIGSOLW1.webp,skip,proveedor sin dominios oficiales configurados,
FIGSOLW,"FORJA ARTISTICA RENACIMIENTO, S.A DE C.V",FIGSOLW.webp,skip,proveedor sin dominios oficiales configurados,
FIGSOLT1,"FORJA ARTISTICA RENACIMIENTO, S.A DE C.V",FIGSOLT1.webp,skip,proveedor sin dominios oficiales configurados,
FCAC,"FORJA ARTISTICA RENACIMIENTO, S.A DE C.V",FCAC.webp,skip,proveedor sin dominios oficiales configurados,
FLORROM1,"FORJA ARTISTICA RENACIMIENTO, S.A DE C.V",FLORROM1.webp,skip,archivo existente,
FLORROM2,"FORJA ARTISTICA RENACIMIENTO, S.A DE C.V",FLORROM2.webp,skip,archivo existente,
GALLOI,"FORJA ARTISTICA RENACIMIENTO, S.A DE C.V",GALLOI.webp,skip,proveedor sin dominios oficiales configurados,
GRA2C25,"FORJA ARTISTICA RENACIMIENTO, S.A DE C.V",GRA2C25.webp,skip,proveedor sin dominios oficiales configurados,
HDURAZ,"FORJA ARTISTICA RENACIMIENTO, S.A DE C.V",HDURAZ.webp,skip,proveedor sin dominios oficiales configurados,
HEUCA,"FORJA ARTISTICA RENACIMIENTO, S.A DE C.V",HEUCA.webp,skip,proveedor sin dominios oficiales configurados,
HHELECHO,"FORJA ARTISTICA RENACIMIENTO, S.A DE C.V",HHELECHO.webp,skip,proveedor sin dominios oficiales configurados,
HOLIVO,"FORJA ARTISTICA RENACIMIENTO, S.A DE C.V",HOLIVO.webp,skip,proveedor sin dominios oficiales configurados,
HVIÑA,"FORJA ARTISTICA RENACIMIENTO, S.A DE C.V",HVINA.webp,skip,proveedor sin dominios oficiales configurados,
HJULIETA,"FORJA ARTISTICA RENACIMIENTO, S.A DE C.V",HJULIETA.webp,skip,proveedor sin dominios oficiales configurados,
JINLAM,"FORJA ARTISTICA RENACIMIENTO, S.A DE C.V",JINLAM.webp,skip,proveedor sin dominios oficiales configurados,
LUCH,"FORJA ARTISTICA RENACIMIENTO, S.A DE C.V",LUCH.webp,skip,proveedor sin dominios oficiales configurados,
LUGD,"FORJA ARTISTICA RENACIMIENTO, S.A DE C.V",LUGD.webp,skip,proveedor sin dominios oficiales configurados,
MAGN,"FORJA ARTISTICA RENACIMIENTO, S.A DE C.V",MAGN.webp,skip,proveedor sin dominios oficiales configurados,
MODC1,"FORJA ARTISTICA RENACIMIENTO, S.A DE C.V",MODC1.webp,skip,proveedor sin dominios oficiales configurados,
MODC15,"FORJA ARTISTICA RENACIMIENTO, S.A DE C.V",MODC15.webp,skip,proveedor sin dominios oficiales configurados,
MODC2,"FORJA ARTISTICA RENACIMIENTO, S.A DE C.V",MODC2.webp,skip,proveedor sin dominios oficiales configurados,
MODC3,"FORJA ARTISTICA RENACIMIENTO, S.A DE C.V",MODC3.webp,skip,proveedor sin dominios oficiales configurados,
MODULO29,"FORJA ARTISTICA RENACIMIENTO, S.A DE C.V",MODULO29.webp,skip,proveedor sin dominios oficiales configurados,
MODULO30,"FORJA ARTISTICA RENACIMIENTO, S.A DE C.V",MODULO30.webp,skip,proveedor sin dominios oficiales configurados,
NIDO,"FORJA ARTISTICA RENACIMIENTO, S.A DE C.V",NIDO.webp,skip,archivo existente,
PALCH,"FORJA ARTISTICA RENACIMIENTO, S.A DE C.V",PALCH.webp,skip,proveedor sin dominios oficiales configurados,
PALG,"FORJA ARTISTICA RENACIMIENTO, S.A DE C.V",PALG.webp,skip,proveedor sin dominios oficiales configurados,
PANT01,"FORJA ARTISTICA RENACIMIENTO, S.A DE C.V",PANT01.webp,skip,proveedor sin dominios oficiales configurados,
PANT011.22,"FORJA ARTISTICA RENACIMIENTO, S.A DE C.V",PANT011-22.webp,skip,proveedor sin dominios oficiales configurados,
PANT02,"FORJA ARTISTICA RENACIMIENTO, S.A DE C.V",PANT02.webp,skip,proveedor sin dominios oficiales configurados,
PANT021.22,"FORJA ARTISTICA RENACIMIENTO, S.A DE C.V",PANT021-22.webp,skip,proveedor sin dominios oficiales configurados,
PANT03,"FORJA ARTISTICA RENACIMIENTO, S.A DE C.V",PANT03.webp,skip,proveedor sin dominios oficiales configurados,
PANT04,"FORJA ARTISTICA RENACIMIENTO, S.A DE C.V",PANT04.webp,skip,proveedor sin dominios oficiales configurados,
PANT041.22,"FORJA ARTISTICA RENACIMIENTO, S.A DE C.V",PANT041-22.webp,skip,proveedor sin dominios oficiales configurados,
PANT05,"FORJA ARTISTICA RENACIMIENTO, S.A DE C.V",PANT05.webp,skip,proveedor sin dominios oficiales configurados,
PANT051.22,"FORJA ARTISTICA RENACIMIENTO, S.A DE C.V",PANT051-22.webp,skip,proveedor sin dominios oficiales configurados,
PANT06,"FORJA ARTISTICA RENACIMIENTO, S.A DE C.V",PANT06.webp,skip,proveedor sin dominios oficiales configurados,
PANT061.22,"FORJA ARTISTICA RENACIMIENTO, S.A DE C.V",PANT061-22.webp,skip,proveedor sin dominios oficiales configurados,
PANT08,"FORJA ARTISTICA RENACIMIENTO, S.A DE C.V",PANT08.webp,skip,proveedor sin dominios oficiales configurados,
PANT081.22,"FORJA ARTISTICA RENACIMIENTO, S.A DE C.V",PANT081-22.webp,skip,proveedor sin dominios oficiales configurados,
PANT09,"FORJA ARTISTICA RENACIMIENTO, S.A DE C.V",PANT09.webp,skip,proveedor sin dominios oficiales configurados,
PANT091.22,"FORJA ARTISTICA RENACIMIENTO, S.A DE C.V",PANT091-22.webp,skip,proveedor sin dominios oficiales configurados,
PANT10,"FORJA ARTISTICA RENACIMIENTO, S.A DE C.V",PANT10.webp,skip,proveedor sin dominios oficiales configurados,
PANT101.22,"FORJA ARTISTICA RENACIMIENTO, S.A DE C.V",PANT101-22.webp,skip,proveedor sin dominios oficiales configurados,
"PASR12""","FORJA ARTISTICA RENACIMIENTO, S.A DE C.V",PASR12.webp,skip,proveedor sin dominios oficiales configurados,
PLACAB,"FORJA ARTISTICA RENACIMIENTO, S.A DE C.V",PLACAB.webp,skip,proveedor sin dominios oficiales configurados,
PLA4,"FORJA ARTISTICA RENACIMIENTO, S.A DE C.V",PLA4.webp,skip,proveedor sin dominios oficiales configurados,
PLAB12,"FORJA ARTISTICA RENACIMIENTO, S.A DE C.V",PLAB12.webp,skip,proveedor sin dominios oficiales configurados,
PLA1,"FORJA ARTISTICA RENACIMIENTO, S.A DE C.V",PLA1.webp,skip,proveedor sin dominios oficiales configurados,
PLA3,"FORJA ARTISTICA RENACIMIENTO, S.A DE C.V",PLA3.webp,skip,proveedor sin dominios oficiales configurados,
PLA2,"FORJA ARTISTICA RENACIMIENTO, S.A DE C.V",PLA2.webp,skip,proveedor sin dominios oficiales configurados,
PLA6,"FORJA ARTISTICA RENACIMIENTO, S.A DE C.V",PLA6.webp,skip,proveedor sin dominios oficiales configurados,
PUNORIEN,"FORJA ARTISTICA RENACIMIENTO, S.A DE C.V",PUNORIEN.webp,skip,proveedor sin dominios oficiales configurados,
RETD,"FORJA ARTISTICA RENACIMIENTO, S.A DE C.V",RETD.webp,skip,proveedor sin dominios oficiales configurados,
RETI,"FORJA ARTISTICA RENACIMIENTO, S.A DE C.V",RETI.webp,skip,proveedor sin dominios oficiales configurados,
ROSETECLI,"FORJA ARTISTICA RENACIMIENTO, S.A DE C.V",ROSETECLI.webp,skip,proveedor sin dominios oficiales configurados,
ROSETP,"FORJA ARTISTICA RENACIMIENTO, S.A DE C.V",ROSETP.webp,skip,archivo existente,
SOLCH,"FORJA ARTISTICA RENACIMIENTO, S.A DE C.V",SOLCH.webp,skip,proveedor sin dominios oficiales configurados,
SOLG,"FORJA ARTISTICA RENACIMIENTO, S.A DE C.V",SOLG.webp,skip,proveedor sin dominios oficiales configurados,
SOLMED,"FORJA ARTISTICA RENACIMIENTO, S.A DE C.V",SOLMED.webp,skip,proveedor sin dominios oficiales configurados,
SOLART,"FORJA ARTISTICA RENACIMIENTO, S.A DE C.V",SOLART.webp,skip,proveedor sin dominios oficiales configurados,
SOM,"FORJA ARTISTICA RENACIMIENTO, S.A DE C.V",SOM.webp,skip,proveedor sin dominios oficiales configurados,
SP6,"FORJA ARTISTICA RENACIMIENTO, S.A DE C.V",SP6.webp,skip,proveedor sin dominios oficiales configurados,
SP10,"FORJA ARTISTICA RENACIMIENTO, S.A DE C.V",SP10.webp,skip,proveedor sin dominios oficiales configurados,
SP11,"FORJA ARTISTICA RENACIMIENTO, S.A DE C.V",SP11.webp,skip,proveedor sin dominios oficiales configurados,
SP12,"FORJA ARTISTICA RENACIMIENTO, S.A DE C.V",SP12.webp,skip,proveedor sin dominios oficiales configurados,
SP13,"FORJA ARTISTICA RENACIMIENTO, S.A DE C.V",SP13.webp,skip,proveedor sin dominios oficiales configurados,
SP14,"FORJA ARTISTICA RENACIMIENTO, S.A DE C.V",SP14.webp,skip,proveedor sin dominios oficiales configurados,
SP17,"FORJA ARTISTICA RENACIMIENTO, S.A DE C.V",SP17.webp,skip,proveedor sin dominios oficiales configurados,
SP3,"FORJA ARTISTICA RENACIMIENTO, S.A DE C.V",SP3.webp,skip,proveedor sin dominios oficiales configurados,
SP4,"FORJA ARTISTICA RENACIMIENTO, S.A DE C.V",SP4.webp,skip,proveedor sin dominios oficiales configurados,
SP5,"FORJA ARTISTICA RENACIMIENTO, S.A DE C.V",SP5.webp,skip,proveedor sin dominios oficiales configurados,
SP9,"FORJA ARTISTICA RENACIMIENTO, S.A DE C.V",SP9.webp,skip,proveedor sin dominios oficiales configurados,
SP7,"FORJA ARTISTICA RENACIMIENTO, S.A DE C.V",SP7.webp,skip,proveedor sin dominios oficiales configurados,
SZAP32,"FORJA ARTISTICA RENACIMIENTO, S.A DE C.V",SZAP32.webp,skip,proveedor sin dominios oficiales configurados,
TORO,"FORJA ARTISTICA RENACIMIENTO, S.A DE C.V",TORO.webp,skip,proveedor sin dominios oficiales configurados,
TREBSOL,"FORJA ARTISTICA RENACIMIENTO, S.A DE C.V",TREBSOL.webp,skip,proveedor sin dominios oficiales configurados,
TUCAN,"FORJA ARTISTICA RENACIMIENTO, S.A DE C.V",TUCAN.webp,skip,proveedor sin dominios oficiales configurados,
VART13,"FORJA ARTISTICA RENACIMIENTO, S.A DE C.V",VART13.webp,skip,proveedor sin dominios oficiales configurados,
VIRGEN,"FORJA ARTISTICA RENACIMIENTO, S.A DE C.V",VIRGEN.webp,skip,proveedor sin dominios oficiales configurados,
VIRGENMED,"FORJA ARTISTICA RENACIMIENTO, S.A DE C.V",VIRGENMED.webp,skip,proveedor sin dominios oficiales configurados,
PLA138X40,"FORTACERO,S.A DE C.V",PLA138X40.webp,skip,proveedor sin dominios oficiales configurados,
VIGA12X4(20.9KG),"FORTACERO,S.A DE C.V",VIGA12X4-20-9KG.webp,skip,proveedor sin dominios oficiales configurados,
VIGAH4X4(19.3KG/MTS),"FORTACERO,S.A DE C.V",VIGAH4X4-19-3KG-MTS.webp,skip,proveedor sin dominios oficiales configurados,
VIGAH6X22.4KGS.,"FORTACERO,S.A DE C.V",VIGAH6X22-4KGS.webp,skip,proveedor sin dominios oficiales configurados,
VIGA16X7(67.10KG),"FORTACERO,S.A DE C.V",VIGA16X7-67-10KG.webp,skip,proveedor sin dominios oficiales configurados,
VIGA16X7(74.40KG),"FORTACERO,S.A DE C.V",VIGA16X7-74-40KG.webp,skip,proveedor sin dominios oficiales configurados,
VIGA6X4(12.60KG),"FORTACERO,S.A DE C.V",VIGA6X4-12-60KG.webp,skip,proveedor sin dominios oficiales configurados,
VIGA6X4(17.90KG),"FORTACERO,S.A DE C.V",VIGA6X4-17-90KG.webp,skip,proveedor sin dominios oficiales configurados,
VIGA8X4-14.90A12.20,"FORTACERO,S.A DE C.V",VIGA8X4-14-90A12-20.webp,skip,proveedor sin dominios oficiales configurados,
VIGA8X4(19.5KG)12.20,"FORTACERO,S.A DE C.V",VIGA8X4-19-5KG-12-20.webp,skip,proveedor sin dominios oficiales configurados,
APCOGRI,GABRIEL REYES GOMEZ,APCOGRI.webp,skip,proveedor sin dominios oficiales configurados,
CABALLOFC,GABRIEL REYES GOMEZ,CABALLOFC.webp,skip,proveedor sin dominios oficiales configurados,
CABTCH,GABRIEL REYES GOMEZ,CABTCH.webp,skip,proveedor sin dominios oficiales configurados,
ESLALUMCEN,GABRIEL REYES GOMEZ,ESLALUMCEN.webp,skip,archivo existente,
ESGA4,GABRIEL REYES GOMEZ,ESGA4.webp,skip,archivo existente,
FIGFCA,GABRIEL REYES GOMEZ,FIGFCA.webp,skip,proveedor sin dominios oficiales configurados,
FIGFCP/C16,GABRIEL REYES GOMEZ,FIGFCP-C16.webp,skip,proveedor sin dominios oficiales configurados,
JABLVE,GABRIEL REYES GOMEZ,JABLVE.webp,skip,archivo existente,
MANCOMIZQ,GABRIEL REYES GOMEZ,MANCOMIZQ.webp,skip,proveedor sin dominios oficiales configurados,
PORCANC,GABRIEL REYES GOMEZ,PORCANC.webp,skip,proveedor sin dominios oficiales configurados,
RESAN2X2.5CAL8,GABRIEL REYES GOMEZ,RESAN2X2-5CAL8.webp,skip,proveedor sin dominios oficiales configurados,
RESAN2.5X2.5C6,GABRIEL REYES GOMEZ,RESAN2-5X2-5C6.webp,skip,proveedor sin dominios oficiales configurados,
SOLPERC13,GABRIEL REYES GOMEZ,SOLPERC13.webp,skip,proveedor sin dominios oficiales configurados,
SOLPERC16,GABRIEL REYES GOMEZ,SOLPERC16.webp,skip,proveedor sin dominios oficiales configurados,
SOLPERR13,GABRIEL REYES GOMEZ,SOLPERR13.webp,skip,proveedor sin dominios oficiales configurados,
SOLPERR16,GABRIEL REYES GOMEZ,SOLPERR16.webp,skip,proveedor sin dominios oficiales configurados,
TOPUGR,GABRIEL REYES GOMEZ,TOPUGR.webp,skip,proveedor sin dominios oficiales configurados,
LLLECH,GABRIEL REYES GOMEZ,LLLECH.webp,skip,proveedor sin dominios oficiales configurados,
VENCHIDER,GABRIEL REYES GOMEZ,VENCHIDER.webp,skip,proveedor sin dominios oficiales configurados,
VENCHIIZQ,GABRIEL REYES GOMEZ,VENCHIIZQ.webp,skip,proveedor sin dominios oficiales configurados,
LGZR4.27E,"GALVATUBING,S.A DE C.V",LGZR4-27E.webp,skip,proveedor sin dominios oficiales configurados,
CAAGUC24,"GRUPO CORPORATIVO URGUT, S.A DE C.V",CAAGUC24.webp,skip,proveedor sin dominios oficiales configurados,
DUE2X1.22,"GRUPO INDUSTRIAL GARCIASTEEL,S.A DE C.V",DUE2X1-22.webp,skip,proveedor sin dominios oficiales configurados,
DUE3X1.83,"GRUPO INDUSTRIAL GARCIASTEEL,S.A DE C.V",DUE3X1-83.webp,skip,proveedor sin dominios oficiales configurados,
DUE2X1.05,"GRUPO INDUSTRIAL GARCIASTEEL,S.A DE C.V",DUE2X1-05.webp,skip,proveedor sin dominios oficiales configurados,
PZALE,"GRUPO INDUSTRIAL GARCIASTEEL,S.A DE C.V",PZALE.webp,skip,proveedor sin dominios oficiales configurados,
TACASC3X6,"GRUPO INDUSTRIAL GARCIASTEEL,S.A DE C.V",TACASC3X6.webp,skip,archivo existente,
TACAV3X6,"GRUPO INDUSTRIAL GARCIASTEEL,S.A DE C.V",TACAV3X6.webp,skip,proveedor sin dominios oficiales configurados,
TACASCG3X320,"GRUPO INDUSTRIAL GARCIASTEEL,S.A DE C.V",TACASCG3X320.webp,skip,archivo existente,
TACAV3X3,"GRUPO INDUSTRIAL GARCIASTEEL,S.A DE C.V",TACAV3X3.webp,skip,archivo existente,
TACASL3X6,"GRUPO INDUSTRIAL GARCIASTEEL,S.A DE C.V",TACASL3X6.webp,skip,proveedor sin dominios oficiales configurados,
TACASL3X3,"GRUPO INDUSTRIAL GARCIASTEEL,S.A DE C.V",TACASL3X3.webp,skip,proveedor sin dominios oficiales configurados,
TACASL4X3,"GRUPO INDUSTRIAL GARCIASTEEL,S.A DE C.V",TACASL4X3.webp,skip,proveedor sin dominios oficiales configurados,
TACASL4X6,"GRUPO INDUSTRIAL GARCIASTEEL,S.A DE C.V",TACASL4X6.webp,skip,proveedor sin dominios oficiales configurados,
TACASCG3X322,"GRUPO INDUSTRIAL GARCIASTEEL,S.A DE C.V",TACASCG3X322.webp,skip,archivo existente,
TACASCG3X620,"GRUPO INDUSTRIAL GARCIASTEEL,S.A DE C.V",TACASCG3X620.webp,skip,archivo existente,
MALLACI1.50CAL.12.50,"INDUSTRIAL DE ALAMBRES, S.A DE C.V",MALLACI1-50CAL-12-50.webp,skip,proveedor sin dominios oficiales configurados,
MALLACI1.75CAL.12.50,"INDUSTRIAL DE ALAMBRES, S.A DE C.V",MALLACI1-75CAL-12-50.webp,skip,proveedor sin dominios oficiales configurados,
BOQP/CORT-4157,"INFRA, S.A DE C.V",BOQP-CORT-4157.webp,skip,archivo existente,
BOQUILLA,"INFRA, S.A DE C.V",BOQUILLA.webp,skip,archivo existente,
BOQP/CORT-4158,"INFRA, S.A DE C.V",BOQP-CORT-4158.webp,skip,archivo existente,
MASSEN,"INFRA, S.A DE C.V",MASSEN.webp,skip,proveedor sin dominios oficiales configurados,
MPS12,"INFRA, S.A DE C.V",MPS12.webp,skip,archivo existente,
MICA2.5D,"INFRA, S.A DE C.V",MICA2-5D.webp,skip,archivo existente,
MICA1.5D,"INFRA, S.A DE C.V",MICA1-5D.webp,skip,archivo existente,
PE300,"INFRA, S.A DE C.V",PE300.webp,skip,proveedor sin dominios oficiales configurados,
MAN-500,"INFRA, S.A DE C.V",MAN-500.webp,skip,proveedor sin dominios oficiales configurados,
SOLACINOX,"INFRA, S.A DE C.V",SOLACINOX.webp,skip,proveedor sin dominios oficiales configurados,
SOLFOCOE,"INFRA, S.A DE C.V",SOLFOCOE.webp,skip,proveedor sin dominios oficiales configurados,
ZAP300,"INFRA, S.A DE C.V",ZAP300.webp,skip,archivo existente,
AXT-SP250EC,"INTERNACIONAL TOOL COMPANY, S.A DE C.V",AXT-SP250EC.webp,skip,archivo existente,
R101P4.27,LAMINAS ECOGREEN,R101P4-27.webp,skip,proveedor sin dominios oficiales configurados,
R101P6.10,LAMINAS ECOGREEN,R101P6-10.webp,skip,proveedor sin dominios oficiales configurados,
LAR3.66,"LAMINAS ECONOMICAS TRANSPARENTES, S.A DE C.V",LAR3-66.webp,skip,proveedor sin dominios oficiales configurados,
LAR4.27,"LAMINAS ECONOMICAS TRANSPARENTES, S.A DE C.V",LAR4-27.webp,skip,proveedor sin dominios oficiales configurados,
LAR5.50,"LAMINAS ECONOMICAS TRANSPARENTES, S.A DE C.V",LAR5-50.webp,skip,proveedor sin dominios oficiales configurados,
BPVC2.95M,LAMINAS Y ESTRUCTURAS DE PVC,BPVC2-95M.webp,skip,archivo existente,
BPVC4M,LAMINAS Y ESTRUCTURAS DE PVC,BPVC4M.webp,skip,proveedor sin dominios oficiales configurados,
CCENTRAL,LAMINAS Y ESTRUCTURAS DE PVC,CCENTRAL.webp,skip,proveedor sin dominios oficiales configurados,
CAPVC2.95M,LAMINAS Y ESTRUCTURAS DE PVC,CAPVC2-95M.webp,skip,proveedor sin dominios oficiales configurados,
DUELZ13E,"LAMITEC,S.A DE C.V",DUELZ13E.webp,skip,proveedor sin dominios oficiales configurados,
DUELZ12X.915CH,"LAMITEC,S.A DE C.V",DUELZ12X-915CH.webp,skip,proveedor sin dominios oficiales configurados,
DUELZ14X1.83RCH,"LAMITEC,S.A DE C.V",DUELZ14X1-83RCH.webp,skip,proveedor sin dominios oficiales configurados,
DUELZ19X2.44RCH,"LAMITEC,S.A DE C.V",DUELZ19X2-44RCH.webp,skip,proveedor sin dominios oficiales configurados,
DUELZ3X.915FR,"LAMITEC,S.A DE C.V",DUELZ3X-915FR.webp,skip,archivo existente,
DUELZ36X2.44CH,"LAMITEC,S.A DE C.V",DUELZ36X2-44CH.webp,skip,archivo existente,
DUELZ43M,"LAMITEC,S.A DE C.V",DUELZ43M.webp,skip,archivo existente,
DUELZ56MC,"LAMITEC,S.A DE C.V",DUELZ56MC.webp,skip,archivo existente,
DUEL56EC,"LAMITEC,S.A DE C.V",DUEL56EC.webp,skip,archivo existente,
DUELZ7X2.44FC,"LAMITEC,S.A DE C.V",DUELZ7X2-44FC.webp,skip,proveedor sin dominios oficiales configurados,
DUELZ86M,"LAMITEC,S.A DE C.V",DUELZ86M.webp,skip,proveedor sin dominios oficiales configurados,
DUELZ58,"LAMITEC,S.A DE C.V",DUELZ58.webp,skip,proveedor sin dominios oficiales configurados,
DUELZ13,"LAMITEC,S.A DE C.V",DUELZ13.webp,skip,proveedor sin dominios oficiales configurados,
DUELZ36,"LAMITEC,S.A DE C.V",DUELZ36.webp,skip,proveedor sin dominios oficiales configurados,
DUELZ48,"LAMITEC,S.A DE C.V",DUELZ48.webp,skip,proveedor sin dominios oficiales configurados,
DT100-100,"LAMITEC,S.A DE C.V",DT100-100.webp,skip,archivo existente,
DT20-065,"LAMITEC,S.A DE C.V",DT20-065.webp,skip,archivo existente,
DLG-AL080,"LAMITEC,S.A DE C.V",DLG-AL080.webp,skip,proveedor sin dominios oficiales configurados,
DLG-AL100,"LAMITEC,S.A DE C.V",DLG-AL100.webp,skip,archivo existente,
DT40-065,"LAMITEC,S.A DE C.V",DT40-065.webp,skip,archivo existente,
DT40-100,"LAMITEC,S.A DE C.V",DT40-100.webp,skip,archivo existente,
DT060-100,"LAMITEC,S.A DE C.V",DT060-100.webp,skip,proveedor sin dominios oficiales configurados,
DT80-065,"LAMITEC,S.A DE C.V",DT80-065.webp,skip,archivo existente,
DT080-100,"LAMITEC,S.A DE C.V",DT080-100.webp,skip,archivo existente,
DUELZ86,"LAMITEC,S.A DE C.V",DUELZ86.webp,skip,proveedor sin dominios oficiales configurados,
DUELZ96.5,"LAMITEC,S.A DE C.V",DUELZ96-5.webp,skip,proveedor sin dominios oficiales configurados,
DUELZ118,"LAMITEC,S.A DE C.V",DUELZ118.webp,skip,proveedor sin dominios oficiales configurados,
DUELZ1410,"LAMITEC,S.A DE C.V",DUELZ1410.webp,skip,proveedor sin dominios oficiales configurados,
DUELZ33,"LAMITEC,S.A DE C.V",DUELZ33.webp,skip,proveedor sin dominios oficiales configurados,
DUELZ43,"LAMITEC,S.A DE C.V",DUELZ43.webp,skip,proveedor sin dominios oficiales configurados,
DUEZ5X1.22SQ,"LAMITEC,S.A DE C.V",DUEZ5X1-22SQ.webp,skip,proveedor sin dominios oficiales configurados,
DUELZ56.50,"LAMITEC,S.A DE C.V",DUELZ56-50.webp,skip,proveedor sin dominios oficiales configurados,
DUELZ78,"LAMITEC,S.A DE C.V",DUELZ78.webp,skip,proveedor sin dominios oficiales configurados,
DUELZ780,"LAMITEC,S.A DE C.V",DUELZ780.webp,skip,proveedor sin dominios oficiales configurados,
DUELZ9100,"LAMITEC,S.A DE C.V",DUELZ9100.webp,skip,proveedor sin dominios oficiales configurados,
CABLE2,"LINCOLN ELECTRIC MANUFACTURA, S.A DE C.V",CABLE2.webp,skip,proveedor sin dominios oficiales configurados,
GIS,"LINCOLN ELECTRIC MANUFACTURA, S.A DE C.V",GIS.webp,skip,proveedor sin dominios oficiales configurados,
TT300REDFFB,"LINCOLN ELECTRIC MANUFACTURA, S.A DE C.V",TT300REDFFB.webp,skip,proveedor sin dominios oficiales configurados,
ZAPP/C2/0,"LINCOLN ELECTRIC MANUFACTURA, S.A DE C.V",ZAPP-C2-0.webp,skip,proveedor sin dominios oficiales configurados,
MEDE1522,METALES DESPLEGADOS S.A DE C.V,MEDE1522.webp,skip,proveedor sin dominios oficiales configurados,
MEDE1920,METALES DESPLEGADOS S.A DE C.V,MEDE1920.webp,skip,proveedor sin dominios oficiales configurados,
MEDE2018,METALES DESPLEGADOS S.A DE C.V,MEDE2018.webp,skip,proveedor sin dominios oficiales configurados,
MEDE42018,METALES DESPLEGADOS S.A DE C.V,MEDE42018.webp,skip,proveedor sin dominios oficiales configurados,
MEDE2116,METALES DESPLEGADOS S.A DE C.V,MEDE2116.webp,skip,proveedor sin dominios oficiales configurados,
MEDE43220,METALES DESPLEGADOS S.A DE C.V,MEDE43220.webp,skip,proveedor sin dominios oficiales configurados,
MEDE3416,METALES DESPLEGADOS S.A DE C.V,MEDE3416.webp,skip,archivo existente,
MEDE43416,METALES DESPLEGADOS S.A DE C.V,MEDE43416.webp,skip,proveedor sin dominios oficiales configurados,
MEDE43914,METALES DESPLEGADOS S.A DE C.V,MEDE43914.webp,skip,proveedor sin dominios oficiales configurados,
MEDE4012,METALES DESPLEGADOS S.A DE C.V,MEDE4012.webp,skip,proveedor sin dominios oficiales configurados,
MEDE44012,METALES DESPLEGADOS S.A DE C.V,MEDE44012.webp,skip,proveedor sin dominios oficiales configurados,
MEDE4012L,METALES DESPLEGADOS S.A DE C.V,MEDE4012L.webp,skip,proveedor sin dominios oficiales configurados,
MEDE4810,METALES DESPLEGADOS S.A DE C.V,MEDE4810.webp,skip,proveedor sin dominios oficiales configurados,
044A,MOISES JUAREZ MORALES,044A.webp,skip,proveedor sin dominios oficiales configurados,
043A,MOISES JUAREZ MORALES,043A.webp,skip,proveedor sin dominios oficiales configurados,
105A,MOISES JUAREZ MORALES,105A.webp,skip,proveedor sin dominios oficiales configurados,
042A,MOISES JUAREZ MORALES,042A.webp,skip,proveedor sin dominios oficiales configurados,
034A,MOISES JUAREZ MORALES,034A.webp,skip,proveedor sin dominios oficiales configurados,
045A,MOISES JUAREZ MORALES,045A.webp,skip,proveedor sin dominios oficiales configurados,
104A,MOISES JUAREZ MORALES,104A.webp,skip,proveedor sin dominios oficiales configurados,
301A,MOISES JUAREZ MORALES,301A.webp,skip,archivo existente,
HSS4X41/4-12.20,"PAPALOTES FELIZARDO ELIZONDO GUAJARDO,S.A DE C.V",HSS4X41-4-12-20.webp,skip,proveedor sin dominios oficiales configurados,
ZM300,"PERFILES LM, S.A DE C.V",ZM300.webp,skip,archivo existente,
PLA136X20,"PERFILES LM, S.A DE C.V",PLA136X20.webp,skip,proveedor sin dominios oficiales configurados,
AGUILA,"PERFILES Y HERRAJES VARGAS, S.A DE C.V",AGUILA.webp,skip,archivo existente,
BIBELGIGN,"PERFILES Y HERRAJES VARGAS, S.A DE C.V",BIBELGIGN.webp,skip,proveedor sin dominios oficiales configurados,
BIBELMEDLIGHT,"PERFILES Y HERRAJES VARGAS, S.A DE C.V",BIBELMEDLIGHT.webp,skip,proveedor sin dominios oficiales configurados,
BROCA7/64,"PERFILES Y HERRAJES VARGAS, S.A DE C.V",BROCA7-64.webp,skip,archivo existente,
ARCAP001,"PERFILES Y HERRAJES VARGAS, S.A DE C.V",ARCAP001.webp,skip,proveedor sin dominios oficiales configurados,
CAR-EWHM44,"PERFILES Y HERRAJES VARGAS, S.A DE C.V",CAR-EWHM44.webp,skip,proveedor sin dominios oficiales configurados,
CATVARGAS,"PERFILES Y HERRAJES VARGAS, S.A DE C.V",CATVARGAS.webp,skip,proveedor sin dominios oficiales configurados,
CERDO,"PERFILES Y HERRAJES VARGAS, S.A DE C.V",CERDO.webp,skip,proveedor sin dominios oficiales configurados,
CHAVAS075IFI,"PERFILES Y HERRAJES VARGAS, S.A DE C.V",CHAVAS075IFI.webp,skip,archivo existente,
CER-F90D,"PERFILES Y HERRAJES VARGAS, S.A DE C.V",CER-F90D.webp,skip,archivo existente,
CHAV625IFD,"PERFILES Y HERRAJES VARGAS, S.A DE C.V",CHAV625IFD.webp,skip,proveedor sin dominios oficiales configurados,
ELESOL,"PERFILES Y HERRAJES VARGAS, S.A DE C.V",ELESOL.webp,skip,proveedor sin dominios oficiales configurados,
ESMBCO,"PERFILES Y HERRAJES VARGAS, S.A DE C.V",ESMBCO.webp,skip,proveedor sin dominios oficiales configurados,
ESMNESR238,"PERFILES Y HERRAJES VARGAS, S.A DE C.V",ESMNESR238.webp,skip,proveedor sin dominios oficiales configurados,
GAR-12,"PERFILES Y HERRAJES VARGAS, S.A DE C.V",GAR-12.webp,skip,proveedor sin dominios oficiales configurados,
GARS12,"PERFILES Y HERRAJES VARGAS, S.A DE C.V",GARS12.webp,skip,archivo existente,
HERGR,"PERFILES Y HERRAJES VARGAS, S.A DE C.V",HERGR.webp,skip,proveedor sin dominios oficiales configurados,
JAL-CHIO,"PERFILES Y HERRAJES VARGAS, S.A DE C.V",JAL-CHIO.webp,skip,proveedor sin dominios oficiales configurados,
JAL-LUJO,"PERFILES Y HERRAJES VARGAS, S.A DE C.V",JAL-LUJO.webp,skip,proveedor sin dominios oficiales configurados,
JAL-HC8060N,"PERFILES Y HERRAJES VARGAS, S.A DE C.V",JAL-HC8060N.webp,skip,archivo existente,
JAL-PCHV,"PERFILES Y HERRAJES VARGAS, S.A DE C.V",JAL-PCHV.webp,skip,proveedor sin dominios oficiales configurados,
JAL-QUN,"PERFILES Y HERRAJES VARGAS, S.A DE C.V",JAL-QUN.webp,skip,proveedor sin dominios oficiales configurados,
JAL-REYO,"PERFILES Y HERRAJES VARGAS, S.A DE C.V",JAL-REYO.webp,skip,proveedor sin dominios oficiales configurados,
JAL-CHITO,"PERFILES Y HERRAJES VARGAS, S.A DE C.V",JAL-CHITO.webp,skip,proveedor sin dominios oficiales configurados,
JAL-COLTA,"PERFILES Y HERRAJES VARGAS, S.A DE C.V",JAL-COLTA.webp,skip,proveedor sin dominios oficiales configurados,
JAL-COLTN,"PERFILES Y HERRAJES VARGAS, S.A DE C.V",JAL-COLTN.webp,skip,proveedor sin dominios oficiales configurados,
JAL-COLTV,"PERFILES Y HERRAJES VARGAS, S.A DE C.V",JAL-COLTV.webp,skip,proveedor sin dominios oficiales configurados,
JALTREXL,"PERFILES Y HERRAJES VARGAS, S.A DE C.V",JALTREXL.webp,skip,proveedor sin dominios oficiales configurados,
JGOP-141707,"PERFILES Y HERRAJES VARGAS, S.A DE C.V",JGOP-141707.webp,skip,proveedor sin dominios oficiales configurados,
LPER3MMC.22,"PERFILES Y HERRAJES VARGAS, S.A DE C.V",LPER3MMC-22.webp,skip,proveedor sin dominios oficiales configurados,
LPER6MMC.20,"PERFILES Y HERRAJES VARGAS, S.A DE C.V",LPER6MMC-20.webp,skip,proveedor sin dominios oficiales configurados,
LPER10MMC.20,"PERFILES Y HERRAJES VARGAS, S.A DE C.V",LPER10MMC-20.webp,skip,proveedor sin dominios oficiales configurados,
LANC12,"PERFILES Y HERRAJES VARGAS, S.A DE C.V",LANC12.webp,skip,archivo existente,
PUFLE105,"PERFILES Y HERRAJES VARGAS, S.A DE C.V",PUFLE105.webp,skip,proveedor sin dominios oficiales configurados,
PACO1R,"PERFILES Y HERRAJES VARGAS, S.A DE C.V",PACO1R.webp,skip,proveedor sin dominios oficiales configurados,
PIS-G26,"PERFILES Y HERRAJES VARGAS, S.A DE C.V",PIS-G26.webp,skip,proveedor sin dominios oficiales configurados,
PIS-G29,"PERFILES Y HERRAJES VARGAS, S.A DE C.V",PIS-G29.webp,skip,proveedor sin dominios oficiales configurados,
PLABUAL,"PERFILES Y HERRAJES VARGAS, S.A DE C.V",PLABUAL.webp,skip,proveedor sin dominios oficiales configurados,
MAN-300,"PERFILES Y HERRAJES VARGAS, S.A DE C.V",MAN-300.webp,skip,proveedor sin dominios oficiales configurados,
PRIGRIS,"PERFILES Y HERRAJES VARGAS, S.A DE C.V",PRIGRIS.webp,skip,proveedor sin dominios oficiales configurados,
GALPRI5002,"PERFILES Y HERRAJES VARGAS, S.A DE C.V",GALPRI5002.webp,skip,proveedor sin dominios oficiales configurados,
PUFLE107,"PERFILES Y HERRAJES VARGAS, S.A DE C.V",PUFLE107.webp,skip,proveedor sin dominios oficiales configurados,
PUN-L10,"PERFILES Y HERRAJES VARGAS, S.A DE C.V",PUN-L10.webp,skip,archivo existente,
PUN-L13,"PERFILES Y HERRAJES VARGAS, S.A DE C.V",PUN-L13.webp,skip,archivo existente,
REBA,"PERFILES Y HERRAJES VARGAS, S.A DE C.V",REBA.webp,skip,proveedor sin dominios oficiales configurados,
RECLA,"PERFILES Y HERRAJES VARGAS, S.A DE C.V",RECLA.webp,skip,proveedor sin dominios oficiales configurados,
REGO1.22,"PERFILES Y HERRAJES VARGAS, S.A DE C.V",REGO1-22.webp,skip,proveedor sin dominios oficiales configurados,
REGO,"PERFILES Y HERRAJES VARGAS, S.A DE C.V",REGO.webp,skip,proveedor sin dominios oficiales configurados,
REGRA1.22,"PERFILES Y HERRAJES VARGAS, S.A DE C.V",REGRA1-22.webp,skip,proveedor sin dominios oficiales configurados,
REGRA,"PERFILES Y HERRAJES VARGAS, S.A DE C.V",REGRA.webp,skip,proveedor sin dominios oficiales configurados,
REPA,"PERFILES Y HERRAJES VARGAS, S.A DE C.V",REPA.webp,skip,proveedor sin dominios oficiales configurados,
REPA1.22,"PERFILES Y HERRAJES VARGAS, S.A DE C.V",REPA1-22.webp,skip,proveedor sin dominios oficiales configurados,
ROSER006,"PERFILES Y HERRAJES VARGAS, S.A DE C.V",ROSER006.webp,skip,archivo existente,
SEGIE,"PERFILES Y HERRAJES VARGAS, S.A DE C.V",SEGIE.webp,skip,archivo existente,
SEGIF,"PERFILES Y HERRAJES VARGAS, S.A DE C.V",SEGIF.webp,skip,archivo existente,
SEGIFD,"PERFILES Y HERRAJES VARGAS, S.A DE C.V",SEGIFD.webp,skip,archivo existente,
SEGNE,"PERFILES Y HERRAJES VARGAS, S.A DE C.V",SEGNE.webp,skip,archivo existente,
SOLMSG035MUND,"PERFILES Y HERRAJES VARGAS, S.A DE C.V",SOLMSG035MUND.webp,skip,proveedor sin dominios oficiales configurados,
TARUGO,"PERFILES Y HERRAJES VARGAS, S.A DE C.V",TARUGO.webp,skip,proveedor sin dominios oficiales configurados,
HSS6X63/16-12.20M,PRODUCTOS LAMINADOS DE MONTERREY S.A DE C.V,HSS6X63-16-12-20M.webp,skip,archivo existente,
HSS10X101/4,PRODUCTOS LAMINADOS DE MONTERREY S.A DE C.V,HSS10X101-4.webp,skip,proveedor sin dominios oficiales configurados,
HSS8X81/4,PRODUCTOS LAMINADOS DE MONTERREY S.A DE C.V,HSS8X81-4.webp,skip,proveedor sin dominios oficiales configurados,
HSS8X8-3/8,PRODUCTOS LAMINADOS DE MONTERREY S.A DE C.V,HSS8X8-3-8.webp,skip,proveedor sin dominios oficiales configurados,
MON250X69C-14,PRODUCTOS LAMINADOS DE MONTERREY S.A DE C.V,MON250X69C-14.webp,skip,proveedor sin dominios oficiales configurados,
MON300X87,PRODUCTOS LAMINADOS DE MONTERREY S.A DE C.V,MON300X87.webp,skip,archivo existente,
MON100X50C14,PRODUCTOS LAMINADOS DE MONTERREY S.A DE C.V,MON100X50C14.webp,skip,proveedor sin dominios oficiales configurados,
MON150X50C14,PRODUCTOS LAMINADOS DE MONTERREY S.A DE C.V,MON150X50C14.webp,skip,proveedor sin dominios oficiales configurados,
PTR38X38C16,PRODUCTOS LAMINADOS DE MONTERREY S.A DE C.V,PTR38X38C16.webp,skip,proveedor sin dominios oficiales configurados,
PTR 38X75,PRODUCTOS LAMINADOS DE MONTERREY S.A DE C.V,PTR-38X75.webp,skip,proveedor sin dominios oficiales configurados,
PTR38X100,PRODUCTOS LAMINADOS DE MONTERREY S.A DE C.V,PTR38X100.webp,skip,proveedor sin dominios oficiales configurados,
PTR32X32C11,PRODUCTOS LAMINADOS DE MONTERREY S.A DE C.V,PTR32X32C11.webp,skip,proveedor sin dominios oficiales configurados,
PTR32X32C14,PRODUCTOS LAMINADOS DE MONTERREY S.A DE C.V,PTR32X32C14.webp,skip,proveedor sin dominios oficiales configurados,
PTR25X25C14,PRODUCTOS LAMINADOS DE MONTERREY S.A DE C.V,PTR25X25C14.webp,skip,proveedor sin dominios oficiales configurados,
PTR25X25C16,PRODUCTOS LAMINADOS DE MONTERREY S.A DE C.V,PTR25X25C16.webp,skip,proveedor sin dominios oficiales configurados,
PTR25X50,PRODUCTOS LAMINADOS DE MONTERREY S.A DE C.V,PTR25X50.webp,skip,proveedor sin dominios oficiales configurados,
PTR25X50C16,PRODUCTOS LAMINADOS DE MONTERREY S.A DE C.V,PTR25X50C16.webp,skip,proveedor sin dominios oficiales configurados,
PTR50X50C16,PRODUCTOS LAMINADOS DE MONTERREY S.A DE C.V,PTR50X50C16.webp,skip,proveedor sin dominios oficiales configurados,
PTR50X100C11,PRODUCTOS LAMINADOS DE MONTERREY S.A DE C.V,PTR50X100C11.webp,skip,proveedor sin dominios oficiales configurados,
PTR100X100C14,PRODUCTOS LAMINADOS DE MONTERREY S.A DE C.V,PTR100X100C14.webp,skip,proveedor sin dominios oficiales configurados,
PTRG50X50,PRODUCTOS LAMINADOS DE MONTERREY S.A DE C.V,PTRG50X50.webp,skip,proveedor sin dominios oficiales configurados,
PTA473X1020,PRODUCTOS LAMINADOS DE MONTERREY S.A DE C.V,PTA473X1020.webp,skip,proveedor sin dominios oficiales configurados,
TUINC1644,PRODUCTOS LAMINADOS DE MONTERREY S.A DE C.V,TUINC1644.webp,skip,proveedor sin dominios oficiales configurados,
TUINC1650,PRODUCTOS LAMINADOS DE MONTERREY S.A DE C.V,TUINC1650.webp,skip,proveedor sin dominios oficiales configurados,
TUINC1675,PRODUCTOS LAMINADOS DE MONTERREY S.A DE C.V,TUINC1675.webp,skip,proveedor sin dominios oficiales configurados,
TUNEC3032,PRODUCTOS LAMINADOS DE MONTERREY S.A DE C.V,TUNEC3032.webp,skip,proveedor sin dominios oficiales configurados,
CRIBA,PROVEEDOR EN GENERAL,CRIBA.webp,skip,proveedor sin dominios oficiales configurados,
CA-20-A,PROVEEDOR EN GENERAL,CA-20-A.webp,skip,proveedor sin dominios oficiales configurados,
CA-20,PROVEEDOR EN GENERAL,CA-20.webp,skip,proveedor sin dominios oficiales configurados,
CA-0,PROVEEDOR EN GENERAL,CA-0.webp,skip,proveedor sin dominios oficiales configurados,
CA-18,PROVEEDOR EN GENERAL,CA-18.webp,skip,proveedor sin dominios oficiales configurados,
VARCO,PROVEEDOR EN GENERAL,VARCO.webp,skip,proveedor sin dominios oficiales configurados,
SCHI121S2-B3,"SURTIDORA MEXICANA MERIDA, S.A DE C.V",SCHI121S2-B3.webp,skip,proveedor sin dominios oficiales configurados,
VC3/8,"TA-2000, S.A DE C.V",VC3-8.webp,skip,proveedor sin dominios oficiales configurados,
ZC125,"TERNIUM MEXICO, S.A DE C.V",ZC125.webp,skip,proveedor sin dominios oficiales configurados,
ZC100,"TERNIUM MEXICO, S.A DE C.V",ZC100.webp,skip,proveedor sin dominios oficiales configurados,
ZC200,"TERNIUM MEXICO, S.A DE C.V",ZC200.webp,skip,proveedor sin dominios oficiales configurados,
LGLR4C24,"TERNIUM MEXICO, S.A DE C.V",LGLR4C24.webp,skip,proveedor sin dominios oficiales configurados,
LGLR3C26,"TERNIUM MEXICO, S.A DE C.V",LGLR3C26.webp,skip,proveedor sin dominios oficiales configurados,
LGLR4C26,"TERNIUM MEXICO, S.A DE C.V",LGLR4C26.webp,skip,proveedor sin dominios oficiales configurados,
LGLOSC246.10,"TERNIUM MEXICO, S.A DE C.V",LGLOSC246-10.webp,skip,proveedor sin dominios oficiales configurados,
LGT3.66,"TERNIUM MEXICO, S.A DE C.V",LGT3-66.webp,skip,proveedor sin dominios oficiales configurados,
LGALTEJA4.27,"TERNIUM MEXICO, S.A DE C.V",LGALTEJA4-27.webp,skip,proveedor sin dominios oficiales configurados,
LGL3C14,"TERNIUM MEXICO, S.A DE C.V",LGL3C14.webp,skip,proveedor sin dominios oficiales configurados,
LGL3C20,"TERNIUM MEXICO, S.A DE C.V",LGL3C20.webp,skip,proveedor sin dominios oficiales configurados,
LGL3C22,"TERNIUM MEXICO, S.A DE C.V",LGL3C22.webp,skip,archivo existente,
LGL4C18,"TERNIUM MEXICO, S.A DE C.V",LGL4C18.webp,skip,archivo existente,
LGL4C20,"TERNIUM MEXICO, S.A DE C.V",LGL4C20.webp,skip,archivo existente,
LGL4C22,"TERNIUM MEXICO, S.A DE C.V",LGL4C22.webp,skip,archivo existente,
ZH105,"TERNIUM MEXICO, S.A DE C.V",ZH105.webp,skip,archivo existente,
ZV145,"TERNIUM MEXICO, S.A DE C.V",ZV145.webp,skip,proveedor sin dominios oficiales configurados,
PLACA25,"TERNIUM MEXICO, S.A DE C.V",PLACA25.webp,skip,proveedor sin dominios oficiales configurados,
PLA13,"TERNIUM MEXICO, S.A DE C.V",PLA13.webp,skip,proveedor sin dominios oficiales configurados,
PLACA5,"TERNIUM MEXICO, S.A DE C.V",PLACA5.webp,skip,archivo existente,
PLACA19,"TERNIUM MEXICO, S.A DE C.V",PLACA19.webp,skip,archivo existente,
PLACA10,"TERNIUM MEXICO, S.A DE C.V",PLACA10.webp,skip,proveedor sin dominios oficiales configurados,
PLACA16,"TERNIUM MEXICO, S.A DE C.V",PLACA16.webp,skip,proveedor sin dominios oficiales configurados,
PTR100X100C1/4-6.10,"TERNIUM MEXICO, S.A DE C.V",PTR100X100C1-4-6-10.webp,skip,proveedor sin dominios oficiales configurados,
ZR125,"TERNIUM MEXICO, S.A DE C.V",ZR125.webp,skip,proveedor sin dominios oficiales configurados,
ZR175,"TERNIUM MEXICO, S.A DE C.V",ZR175.webp,skip,proveedor sin dominios oficiales configurados,
ZP1400,"TERNIUM MEXICO, S.A DE C.V",ZP1400.webp,skip,proveedor sin dominios oficiales configurados,
ZP1500,"TERNIUM MEXICO, S.A DE C.V",ZP1500.webp,skip,proveedor sin dominios oficiales configurados,
ZT473X320,"TERNIUM MEXICO, S.A DE C.V",ZT473X320.webp,skip,proveedor sin dominios oficiales configurados,
ZT473X322,"TERNIUM MEXICO, S.A DE C.V",ZT473X322.webp,skip,proveedor sin dominios oficiales configurados,
ZT473X622,"TERNIUM MEXICO, S.A DE C.V",ZT473X622.webp,skip,proveedor sin dominios oficiales configurados,
ZT473X820,"TERNIUM MEXICO, S.A DE C.V",ZT473X820.webp,skip,proveedor sin dominios oficiales configurados,
ZT473X822,"TERNIUM MEXICO, S.A DE C.V",ZT473X822.webp,skip,archivo existente,
ZT483X1020,"TERNIUM MEXICO, S.A DE C.V",ZT483X1020.webp,skip,proveedor sin dominios oficiales configurados,
ZT473X1020,"TERNIUM MEXICO, S.A DE C.V",ZT473X1020.webp,skip,proveedor sin dominios oficiales configurados,
ZTA473X820,"TERNIUM MEXICO, S.A DE C.V",ZTA473X820.webp,skip,proveedor sin dominios oficiales configurados,
ZTA473X822,"TERNIUM MEXICO, S.A DE C.V",ZTA473X822.webp,skip,proveedor sin dominios oficiales configurados,
ZTA473X1020,"TERNIUM MEXICO, S.A DE C.V",ZTA473X1020.webp,skip,proveedor sin dominios oficiales configurados,
ZTA473X1022,"TERNIUM MEXICO, S.A DE C.V",ZTA473X1022.webp,skip,proveedor sin dominios oficiales configurados,
ZTA473X620,"TERNIUM MEXICO, S.A DE C.V",ZTA473X620.webp,skip,proveedor sin dominios oficiales configurados,
ZV127,"TERNIUM MEXICO, S.A DE C.V",ZV127.webp,skip,archivo existente,
ZP150,"TERNIUM MEXICO, S.A DE C.V",ZP150.webp,skip,proveedor sin dominios oficiales configurados,
ZP400C18,"TERNIUM MEXICO, S.A DE C.V",ZP400C18.webp,skip,archivo existente,
LMNC18-4X8,"TUBO DECORADO MONTERREY, S.A DE C.V",LMNC18-4X8.webp,skip,proveedor sin dominios oficiales configurados,
SOLD410-2X3/16-6M,"TUBO DECORADO MONTERREY, S.A DE C.V",SOLD410-2X3-16-6M.webp,skip,proveedor sin dominios oficiales configurados,
SOLD407,"TUBO DECORADO MONTERREY, S.A DE C.V",SOLD407.webp,skip,proveedor sin dominios oficiales configurados,
SOLD4083M,"TUBO DECORADO MONTERREY, S.A DE C.V",SOLD4083M.webp,skip,proveedor sin dominios oficiales configurados,
SOLD4056M,"TUBO DECORADO MONTERREY, S.A DE C.V",SOLD4056M.webp,skip,proveedor sin dominios oficiales configurados,
SOLD4066M,"TUBO DECORADO MONTERREY, S.A DE C.V",SOLD4066M.webp,skip,proveedor sin dominios oficiales configurados,
SOLD4076M,"TUBO DECORADO MONTERREY, S.A DE C.V",SOLD4076M.webp,skip,proveedor sin dominios oficiales configurados,
SOLD4086M,"TUBO DECORADO MONTERREY, S.A DE C.V",SOLD4086M.webp,skip,proveedor sin dominios oficiales configurados,
SOLD4106M,"TUBO DECORADO MONTERREY, S.A DE C.V",SOLD4106M.webp,skip,proveedor sin dominios oficiales configurados,
TUCO32,"TUBO DECORADO MONTERREY, S.A DE C.V",TUCO32.webp,skip,proveedor sin dominios oficiales configurados,
TUCO25,"TUBO DECORADO MONTERREY, S.A DE C.V",TUCO25.webp,skip,proveedor sin dominios oficiales configurados,
TUELI38,"TUBO DECORADO MONTERREY, S.A DE C.V",TUELI38.webp,skip,proveedor sin dominios oficiales configurados,
TUELI38C16-11560,"TUBO DECORADO MONTERREY, S.A DE C.V",TUELI38C16-11560.webp,skip,proveedor sin dominios oficiales configurados,
TUMO38,"TUBO DECORADO MONTERREY, S.A DE C.V",TUMO38.webp,skip,proveedor sin dominios oficiales configurados,
TUMO32,"TUBO DECORADO MONTERREY, S.A DE C.V",TUMO32.webp,skip,proveedor sin dominios oficiales configurados,
TUMO25,"TUBO DECORADO MONTERREY, S.A DE C.V",TUMO25.webp,skip,proveedor sin dominios oficiales configurados,
TUMO50,"TUBO DECORADO MONTERREY, S.A DE C.V",TUMO50.webp,skip,proveedor sin dominios oficiales configurados,
TUMO19,"TUBO DECORADO MONTERREY, S.A DE C.V",TUMO19.webp,skip,proveedor sin dominios oficiales configurados,
TUTRE25,"TUBO DECORADO MONTERREY, S.A DE C.V",TUTRE25.webp,skip,proveedor sin dominios oficiales configurados,
TUTRE50,"TUBO DECORADO MONTERREY, S.A DE C.V",TUTRE50.webp,skip,proveedor sin dominios oficiales configurados,
TUTRE19,"TUBO DECORADO MONTERREY, S.A DE C.V",TUTRE19.webp,skip,proveedor sin dominios oficiales configurados,
P2-511,"UJUETA MEXICO, S.A DE C.V",P2-511.webp,skip,proveedor sin dominios oficiales configurados,
AES427,URREA HERRAMIENTAS PROFESIONALES S.A DE C.V,AES427.webp,skip,proveedor sin dominios oficiales configurados,
AES406,URREA HERRAMIENTAS PROFESIONALES S.A DE C.V,AES406.webp,skip,proveedor sin dominios oficiales configurados,
AEM407,URREA HERRAMIENTAS PROFESIONALES S.A DE C.V,AEM407.webp,skip,proveedor sin dominios oficiales configurados,
AES401,URREA HERRAMIENTAS PROFESIONALES S.A DE C.V,AES401.webp,skip,proveedor sin dominios oficiales configurados,
AEM301,URREA HERRAMIENTAS PROFESIONALES S.A DE C.V,AEM301.webp,skip,proveedor sin dominios oficiales configurados,
ARC17T,URREA HERRAMIENTAS PROFESIONALES S.A DE C.V,ARC17T.webp,skip,archivo existente,
BAF150,URREA HERRAMIENTAS PROFESIONALES S.A DE C.V,BAF150.webp,skip,proveedor sin dominios oficiales configurados,
BSR3/4,URREA HERRAMIENTAS PROFESIONALES S.A DE C.V,BSR3-4.webp,skip,archivo existente,
BSR5/8,URREA HERRAMIENTAS PROFESIONALES S.A DE C.V,BSR5-8.webp,skip,archivo existente,
BCO1/2,URREA HERRAMIENTAS PROFESIONALES S.A DE C.V,BCO1-2.webp,skip,archivo existente,
BCO1/4,URREA HERRAMIENTAS PROFESIONALES S.A DE C.V,BCO1-4.webp,skip,archivo existente,
BCO1/8,URREA HERRAMIENTAS PROFESIONALES S.A DE C.V,BCO1-8.webp,skip,archivo existente,
BCO3/8,URREA HERRAMIENTAS PROFESIONALES S.A DE C.V,BCO3-8.webp,skip,archivo existente,
BCO5/16,URREA HERRAMIENTAS PROFESIONALES S.A DE C.V,BCO5-16.webp,skip,archivo existente,
BSR1,URREA HERRAMIENTAS PROFESIONALES S.A DE C.V,BSR1.webp,skip,proveedor sin dominios oficiales configurados,
BSDS3/8X6,URREA HERRAMIENTAS PROFESIONALES S.A DE C.V,BSDS3-8X6.webp,skip,archivo existente,
BCN386,URREA HERRAMIENTAS PROFESIONALES S.A DE C.V,BCN386.webp,skip,archivo existente,
BCN51612,URREA HERRAMIENTAS PROFESIONALES S.A DE C.V,BCN51612.webp,skip,archivo existente,
BCN5166,URREA HERRAMIENTAS PROFESIONALES S.A DE C.V,BCN5166.webp,skip,archivo existente,
BCN586,URREA HERRAMIENTAS PROFESIONALES S.A DE C.V,BCN586.webp,skip,archivo existente,
142652,URREA HERRAMIENTAS PROFESIONALES S.A DE C.V,142652.webp,skip,archivo existente,
142651,URREA HERRAMIENTAS PROFESIONALES S.A DE C.V,142651.webp,skip,archivo existente,
142650,URREA HERRAMIENTAS PROFESIONALES S.A DE C.V,142650.webp,skip,archivo existente,
142654,URREA HERRAMIENTAS PROFESIONALES S.A DE C.V,142654.webp,skip,archivo existente,
142653,URREA HERRAMIENTAS PROFESIONALES S.A DE C.V,142653.webp,skip,archivo existente,
142655,URREA HERRAMIENTAS PROFESIONALES S.A DE C.V,142655.webp,skip,archivo existente,
142656,URREA HERRAMIENTAS PROFESIONALES S.A DE C.V,142656.webp,skip,archivo existente,
142658,URREA HERRAMIENTAS PROFESIONALES S.A DE C.V,142658.webp,skip,archivo existente,
CAR123245,URREA HERRAMIENTAS PROFESIONALES S.A DE C.V,CAR123245.webp,skip,archivo existente,
C536,URREA HERRAMIENTAS PROFESIONALES S.A DE C.V,C536.webp,skip,archivo existente,
CARCOOND3,URREA HERRAMIENTAS PROFESIONALES S.A DE C.V,CARCOOND3.webp,skip,archivo existente,
C512,URREA HERRAMIENTAS PROFESIONALES S.A DE C.V,C512.webp,skip,archivo existente,
C515,URREA HERRAMIENTAS PROFESIONALES S.A DE C.V,C515.webp,skip,archivo existente,
137367,URREA HERRAMIENTAS PROFESIONALES S.A DE C.V,137367.webp,skip,proveedor sin dominios oficiales configurados,
CLA108502,URREA HERRAMIENTAS PROFESIONALES S.A DE C.V,CLA108502.webp,skip,archivo existente,
CLA108508,URREA HERRAMIENTAS PROFESIONALES S.A DE C.V,CLA108508.webp,skip,archivo existente,
137601,URREA HERRAMIENTAS PROFESIONALES S.A DE C.V,137601.webp,skip,archivo existente,
108106,URREA HERRAMIENTAS PROFESIONALES S.A DE C.V,108106.webp,skip,archivo existente,
HS3,URREA HERRAMIENTAS PROFESIONALES S.A DE C.V,HS3.webp,skip,proveedor sin dominios oficiales configurados,
142636,URREA HERRAMIENTAS PROFESIONALES S.A DE C.V,142636.webp,skip,archivo existente,
S7828HL,URREA HERRAMIENTAS PROFESIONALES S.A DE C.V,S7828HL.webp,skip,archivo existente,
DG743A,URREA HERRAMIENTAS PROFESIONALES S.A DE C.V,DG743A.webp,skip,proveedor sin dominios oficiales configurados,
D202,URREA HERRAMIENTAS PROFESIONALES S.A DE C.V,D202.webp,skip,archivo existente,
DOBTUBO,URREA HERRAMIENTAS PROFESIONALES S.A DE C.V,DOBTUBO.webp,skip,proveedor sin dominios oficiales configurados,
ETT2,URREA HERRAMIENTAS PROFESIONALES S.A DE C.V,ETT2.webp,skip,proveedor sin dominios oficiales configurados,
ESCOM12-122254,URREA HERRAMIENTAS PROFESIONALES S.A DE C.V,ESCOM12-122254.webp,skip,proveedor sin dominios oficiales configurados,
ESCOM12,URREA HERRAMIENTAS PROFESIONALES S.A DE C.V,ESCOM12.webp,skip,proveedor sin dominios oficiales configurados,
ESME24-122281,URREA HERRAMIENTAS PROFESIONALES S.A DE C.V,ESME24-122281.webp,skip,proveedor sin dominios oficiales configurados,
ESME24,URREA HERRAMIENTAS PROFESIONALES S.A DE C.V,ESME24.webp,skip,proveedor sin dominios oficiales configurados,
EP242,URREA HERRAMIENTAS PROFESIONALES S.A DE C.V,EP242.webp,skip,archivo existente,
EP244,URREA HERRAMIENTAS PROFESIONALES S.A DE C.V,EP244.webp,skip,archivo existente,
123033,URREA HERRAMIENTAS PROFESIONALES S.A DE C.V,123033.webp,skip,archivo existente,
FIL108103,URREA HERRAMIENTAS PROFESIONALES S.A DE C.V,FIL108103.webp,skip,archivo existente,
142126,URREA HERRAMIENTAS PROFESIONALES S.A DE C.V,142126.webp,skip,archivo existente,
124134,URREA HERRAMIENTAS PROFESIONALES S.A DE C.V,124134.webp,skip,archivo existente,
GBS2,URREA HERRAMIENTAS PROFESIONALES S.A DE C.V,GBS2.webp,skip,archivo existente,
USGVX,URREA HERRAMIENTAS PROFESIONALES S.A DE C.V,USGVX.webp,skip,archivo existente,
USGVG,URREA HERRAMIENTAS PROFESIONALES S.A DE C.V,USGVG.webp,skip,archivo existente,
USGVM,URREA HERRAMIENTAS PROFESIONALES S.A DE C.V,USGVM.webp,skip,archivo existente,
GNPM,URREA HERRAMIENTAS PROFESIONALES S.A DE C.V,GNPM.webp,skip,archivo existente,
GC3,URREA HERRAMIENTAS PROFESIONALES S.A DE C.V,GC3.webp,skip,archivo existente,
SSK15,URREA HERRAMIENTAS PROFESIONALES S.A DE C.V,SSK15.webp,skip,proveedor sin dominios oficiales configurados,
5200TX,URREA HERRAMIENTAS PROFESIONALES S.A DE C.V,5200TX.webp,skip,archivo existente,
5113,URREA HERRAMIENTAS PROFESIONALES S.A DE C.V,5113.webp,skip,archivo existente,
JCS4,URREA HERRAMIENTAS PROFESIONALES S.A DE C.V,JCS4.webp,skip,proveedor sin dominios oficiales configurados,
SH15,URREA HERRAMIENTAS PROFESIONALES S.A DE C.V,SH15.webp,skip,archivo existente,
8100CM,URREA HERRAMIENTAS PROFESIONALES S.A DE C.V,8100CM.webp,skip,proveedor sin dominios oficiales configurados,
LUNL03,URREA HERRAMIENTAS PROFESIONALES S.A DE C.V,LUNL03.webp,skip,archivo existente,
137699,URREA HERRAMIENTAS PROFESIONALES S.A DE C.V,137699.webp,skip,proveedor sin dominios oficiales configurados,
120350,URREA HERRAMIENTAS PROFESIONALES S.A DE C.V,120350.webp,skip,proveedor sin dominios oficiales configurados,
120303,URREA HERRAMIENTAS PROFESIONALES S.A DE C.V,120303.webp,skip,archivo existente,
LIMA120363,URREA HERRAMIENTAS PROFESIONALES S.A DE C.V,LIMA120363.webp,skip,archivo existente,
LI-120332,URREA HERRAMIENTAS PROFESIONALES S.A DE C.V,LI-120332.webp,skip,archivo existente,
LI-120378,URREA HERRAMIENTAS PROFESIONALES S.A DE C.V,LI-120378.webp,skip,archivo existente,
LTU40S,URREA HERRAMIENTAS PROFESIONALES S.A DE C.V,LTU40S.webp,skip,proveedor sin dominios oficiales configurados,
1238B,URREA HERRAMIENTAS PROFESIONALES S.A DE C.V,1238B.webp,skip,archivo existente,
123508,URREA HERRAMIENTAS PROFESIONALES S.A DE C.V,123508.webp,skip,archivo existente,
MACHURREA3/16,URREA HERRAMIENTAS PROFESIONALES S.A DE C.V,MACHURREA3-16.webp,skip,archivo existente,
137651,URREA HERRAMIENTAS PROFESIONALES S.A DE C.V,137651.webp,skip,archivo existente,
MARR2,URREA HERRAMIENTAS PROFESIONALES S.A DE C.V,MARR2.webp,skip,proveedor sin dominios oficiales configurados,
137827,URREA HERRAMIENTAS PROFESIONALES S.A DE C.V,137827.webp,skip,proveedor sin dominios oficiales configurados,
137820,URREA HERRAMIENTAS PROFESIONALES S.A DE C.V,137820.webp,skip,archivo existente,
CA218,URREA HERRAMIENTAS PROFESIONALES S.A DE C.V,CA218.webp,skip,archivo existente,
CAP214,URREA HERRAMIENTAS PROFESIONALES S.A DE C.V,CAP214.webp,skip,archivo existente,
150851,URREA HERRAMIENTAS PROFESIONALES S.A DE C.V,150851.webp,skip,archivo existente,
150847,URREA HERRAMIENTAS PROFESIONALES S.A DE C.V,150847.webp,skip,archivo existente,
150850,URREA HERRAMIENTAS PROFESIONALES S.A DE C.V,150850.webp,skip,archivo existente,
138102,URREA HERRAMIENTAS PROFESIONALES S.A DE C.V,138102.webp,skip,proveedor sin dominios oficiales configurados,
PM103,URREA HERRAMIENTAS PROFESIONALES S.A DE C.V,PM103.webp,skip,archivo existente,
PM124,URREA HERRAMIENTAS PROFESIONALES S.A DE C.V,PM124.webp,skip,archivo existente,
PM61,URREA HERRAMIENTAS PROFESIONALES S.A DE C.V,PM61.webp,skip,archivo existente,
PM6114,URREA HERRAMIENTAS PROFESIONALES S.A DE C.V,PM6114.webp,skip,archivo existente,
PMC61,URREA HERRAMIENTAS PROFESIONALES S.A DE C.V,PMC61.webp,skip,archivo existente,
PMC6112,URREA HERRAMIENTAS PROFESIONALES S.A DE C.V,PMC6112.webp,skip,archivo existente,
PFR6190,URREA HERRAMIENTAS PROFESIONALES S.A DE C.V,PFR6190.webp,skip,archivo existente,
PFR6090,URREA HERRAMIENTAS PROFESIONALES S.A DE C.V,PFR6090.webp,skip,archivo existente,
142069,URREA HERRAMIENTAS PROFESIONALES S.A DE C.V,142069.webp,skip,archivo existente,
115058,URREA HERRAMIENTAS PROFESIONALES S.A DE C.V,115058.webp,skip,archivo existente,
PUNPPH2PL,URREA HERRAMIENTAS PROFESIONALES S.A DE C.V,PUNPPH2PL.webp,skip,proveedor sin dominios oficiales configurados,
RMARRO,URREA HERRAMIENTAS PROFESIONALES S.A DE C.V,RMARRO.webp,skip,archivo existente,
EXHE2G,URREA HERRAMIENTAS PROFESIONALES S.A DE C.V,EXHE2G.webp,skip,archivo existente,
REMA113411,URREA HERRAMIENTAS PROFESIONALES S.A DE C.V,REMA113411.webp,skip,archivo existente,
REMA113420,URREA HERRAMIENTAS PROFESIONALES S.A DE C.V,REMA113420.webp,skip,proveedor sin dominios oficiales configurados,
RE4G,URREA HERRAMIENTAS PROFESIONALES S.A DE C.V,RE4G.webp,skip,archivo existente,
RE5G,URREA HERRAMIENTAS PROFESIONALES S.A DE C.V,RE5G.webp,skip,archivo existente,
RY5PB,URREA HERRAMIENTAS PROFESIONALES S.A DE C.V,RY5PB.webp,skip,proveedor sin dominios oficiales configurados,
123388,URREA HERRAMIENTAS PROFESIONALES S.A DE C.V,123388.webp,skip,archivo existente,
34014,URREA HERRAMIENTAS PROFESIONALES S.A DE C.V,34014.webp,skip,archivo existente,
SICOCI60,URREA HERRAMIENTAS PROFESIONALES S.A DE C.V,SICOCI60.webp,skip,archivo existente,
151130,URREA HERRAMIENTAS PROFESIONALES S.A DE C.V,151130.webp,skip,archivo existente,
118007,URREA HERRAMIENTAS PROFESIONALES S.A DE C.V,118007.webp,skip,archivo existente,
118008,URREA HERRAMIENTAS PROFESIONALES S.A DE C.V,118008.webp,skip,archivo existente,
"TIGCORLAM14""",URREA HERRAMIENTAS PROFESIONALES S.A DE C.V,TIGCORLAM14.webp,skip,archivo existente,
107061,URREA HERRAMIENTAS PROFESIONALES S.A DE C.V,107061.webp,skip,proveedor sin dominios oficiales configurados,
DUELAZ3X91.5,VICTOR HUGO HERNANDEZ AGUILAR,DUELAZ3X91-5.webp,skip,proveedor sin dominios oficiales configurados,
DUELZ3X.915CBCH,VICTOR HUGO HERNANDEZ AGUILAR,DUELZ3X-915CBCH.webp,skip,proveedor sin dominios oficiales configurados,
DUELZ6X3.05,VICTOR HUGO HERNANDEZ AGUILAR,DUELZ6X3-05.webp,skip,proveedor sin dominios oficiales configurados,
DUELZ11X2.44R,VICTOR HUGO HERNANDEZ AGUILAR,DUELZ11X2-44R.webp,skip,proveedor sin dominios oficiales configurados,
DUE14X10SQ,VICTOR HUGO HERNANDEZ AGUILAR,DUE14X10SQ.webp,skip,proveedor sin dominios oficiales configurados,
DUE4X91SQ,VICTOR HUGO HERNANDEZ AGUILAR,DUE4X91SQ.webp,skip,proveedor sin dominios oficiales configurados,
DUELZ4X91.5R,VICTOR HUGO HERNANDEZ AGUILAR,DUELZ4X91-5R.webp,skip,proveedor sin dominios oficiales configurados,
DUE5X1.05SQ,VICTOR HUGO HERNANDEZ AGUILAR,DUE5X1-05SQ.webp,skip,proveedor sin dominios oficiales configurados,
DUELZ5X1.83CB,VICTOR HUGO HERNANDEZ AGUILAR,DUELZ5X1-83CB.webp,skip,archivo existente,
DUELZ5X1.83,VICTOR HUGO HERNANDEZ AGUILAR,DUELZ5X1-83.webp,skip,proveedor sin dominios oficiales configurados,
DUELZ8X1.83R,VICTOR HUGO HERNANDEZ AGUILAR,DUELZ8X1-83R.webp,skip,proveedor sin dominios oficiales configurados,
RIELCP6,VICTOR HUGO HERNANDEZ AGUILAR,RIELCP6.webp,skip,proveedor sin dominios oficiales configurados,
TABZ3X3B75CMX91.5CM,VICTOR HUGO HERNANDEZ AGUILAR,TABZ3X3B75CMX91-5CM.webp,skip,archivo existente,
TABZ3X3SQ75CMX91.5CM,VICTOR HUGO HERNANDEZ AGUILAR,TABZ3X3SQ75CMX91-5CM.webp,skip,archivo existente,
TABZ3X6CB75CMX1.83MT,VICTOR HUGO HERNANDEZ AGUILAR,TABZ3X6CB75CMX1-83MT.webp,skip,archivo existente,
TABZ3X6B75CMX1.83MTS,VICTOR HUGO HERNANDEZ AGUILAR,TABZ3X6B75CMX1-83MTS.webp,skip,archivo existente,
TABZ3X6SQ75CMX1.83MT,VICTOR HUGO HERNANDEZ AGUILAR,TABZ3X6SQ75CMX1-83MT.webp,skip,archivo existente,
ZT484X10,VICTOR HUGO HERNANDEZ AGUILAR,ZT484X10.webp,skip,archivo existente,
TAB.SQ4X10,VICTOR HUGO HERNANDEZ AGUILAR,TAB-SQ4X10.webp,skip,archivo existente,
ZT484X3,VICTOR HUGO HERNANDEZ AGUILAR,ZT484X3.webp,skip,archivo existente,
TABZ4X3CB1MTSX91.5CM,VICTOR HUGO HERNANDEZ AGUILAR,TABZ4X3CB1MTSX91-5CM.webp,skip,archivo existente,
TABZ4X3B1MTSX91.5CM,VICTOR HUGO HERNANDEZ AGUILAR,TABZ4X3B1MTSX91-5CM.webp,skip,archivo existente,
TABZ4X3SQ1MTSX91.5CM,VICTOR HUGO HERNANDEZ AGUILAR,TABZ4X3SQ1MTSX91-5CM.webp,skip,archivo existente,
ZT484X6,VICTOR HUGO HERNANDEZ AGUILAR,ZT484X6.webp,skip,archivo existente,
TABZ4X6CB1MTSX1.83MT,VICTOR HUGO HERNANDEZ AGUILAR,TABZ4X6CB1MTSX1-83MT.webp,skip,archivo existente,
ZT484X6.5,VICTOR HUGO HERNANDEZ AGUILAR,ZT484X6-5.webp,skip,archivo existente,
ZT483X8,VICTOR HUGO HERNANDEZ AGUILAR,ZT483X8.webp,skip,archivo existente,
TCPC245,VICTOR HUGO HERNANDEZ AGUILAR,TCPC245.webp,skip,proveedor sin dominios oficiales configurados,
TCPC246,VICTOR HUGO HERNANDEZ AGUILAR,TCPC246.webp,skip,proveedor sin dominios oficiales configurados,
WSR-300,WAREZOM S.A DE C.V,WSR-300.webp,skip,proveedor sin dominios oficiales configurados,
