tipo,codigo,medida_actual,medida_propuesta,arreglos,nombre
"DECIDIR","124","1/2"" X  1"" 1/8""","1/2"" X  1"" 1/8""","","LIMA ROTATIVA 124 1/2"" X 1""1/8"""
"DECIDIR","CANAL150","6"" 6.10 MTS","6"" 6.10 MTS","","CANAL ""U ""6"" 6.10 m (12.2 KG/MT)"
"DECIDIR","CANALU75-5.3KG/MTS","3"" 6.10 MTS","3"" 6.10 MTS","","CANAL ""U"" 3"" 6.10 m (5.30KG/MTS)"
"DECIDIR","CANALU75","3"" 6.10 MTS","3"" 6.10 MTS","","CANAL ""U"" 3"" 6.10 m (6.03 KG/ML)"
"DECIDIR","CANALUL","4"" 6.10 MTS","4"" 6.10 MTS","","CANAL ""U"" 4"" 6.10 MTS.(6.70 KG/ML)"
"DECIDIR","CANALU100","4"" 6.10 MTS","4"" 6.10 MTS","","CANAL ""U"" 4"" 6.10 MTS.(8.19 KG/ML)"
"DECIDIR","CANALU","6"" 6.10 MTS","6"" 6.10 MTS","","CANAL ""U"" 6"" (15.63KG./MTS)"
"DECIDIR","SOL3X32","1 1/4"" 8 X 1 1/8 1/4","1 1/4"" 8 X 1 1/8 1/4","","SOLERA 1/8 X 1 1/4"""
"DECIDIR","SOL5X64","3/16"" X 2""1/2","3/16"" X 2""1/2","","SOLERA 3/16"" X 2""1/2"
"DECIDIR","MEDEGDE2","45.50 CM 26 CM","45.50 CM 26 CM","","MEDALLON GRANDE (45.50 CM X 26 CM)"
"DECIDIR","RAUVA2","7.50X8 8CM","7.50X8 8CM","","RACIMO DE UVAS C/HOJA CH.(7.50X8CM)"
"DECIDIR","RAUVA1","8.50X10 10CM","8.50X10 10CM","","RACIMO DE UVAS C/HOJA GDE.(8.50X10CM)"
"DECIDIR","118/H/2","1.2X1.2 CM 90CM","1.2X1.2 CM 90CM","","BARROTE CUADRADO 1.2X1.2 CM ALTO 90CM (118/H/2)"
"DECIDIR","-652655","1.10 MTS 113/2","1.10 MTS 113/2","","BARROTE FORJADO C/PIÑA ALTO 1.10 MTS(COD113/2)"
"DECIDIR","-451378","4X4 4CM","4X4 4CM","","COROLA 4X4CM"
"DECIDIR","CM13","1/2"" 6MT","1/2"" 6MT","","CUADRADO MARTILLADO  1/2"" DE 6MT. ART.118/1/6000"
"DECIDIR","-642612","3.9 CM 1 CM","3.9 CM 1 CM","","HOJA CHAPA 3.9 CM D. 1 CM ALTO"
"DECIDIR","E0042","42.4MM X 2MM X 1M","42.4MM X 2MM X 1M","","INOX POSTE  42.4MM X2MM X 1M"
"DECIDIR","E001","42.4 X 2 2MM 3 M","42.4 X 2 2MM 3 M","","INOX TUBO INOX 42.4 X 2MM X 3 M E001"
"DECIDIR","E005","12MM 3 MT","12MM 3 MT","","INOX VARILLA 12MM X 3 MT E005"
"DECIDIR","-643677","11X6.50 6.50 CM 137/9","11X6.50 6.50 CM 137/9","","MARIPOSA CHICA  11X6.50 CM (CODIGO 137/9)"
"DECIDIR","-643647","17.50X12.50 12.50CM","17.50X12.50 12.50CM","","MARIPOSA GRANDE 17.50X12.50CM (CODIGO13710)"
"DECIDIR","811/3/T","5.9 X 1.65 1.65 CM 3.00MTS","5.9 X 1.65 1.65 CM 3.00MTS","","PASAMANOS DE  5.9 X 1.65 CM X 3.00MTS DE LARGO"
"DECIDIR","-321412","59CM 1020/1","59CM 1020/1","","ROSETA CON ARO EN EL CENTRO DIA 59CM (COD-1020/1)"
"DECIDIR","-24014","05 CM 3 MTS","05 CM 3 MTS","","SOLERA DECORADA DE 3.1 X .05 CM DE 3 MTS."
"DECIDIR","-652443","7.5CM 113/9","7.5CM 113/9","","TERMINAL/POSTE  DIA 7.5CM PUNTA (COD-113/9)"
"DECIDIR","-652413","7CM 113/10","7CM 113/10","","TERMINAL/POSTE DIA 7CM REDONDO (COD-113/10)"
"DECIDIR","-181099","7CM 10CM 1404/3","7CM 10CM 1404/3","","TERMINAL/POSTE DIAM7CM ALTO 10CM ART1404/3"
"DECIDIR","-642673","1.8 CM 1.5 CM","1.8 CM 1.5 CM","","TULIPAN CHAPA 1.8 CM D. X 1.5 CM ALTO"
"DECIDIR","-642643","2.4 CM 1.30 CM","2.4 CM 1.30 CM","","TULIPAN CHAPA 2.4 CM D. X 1.30 CM ALTO"
"DECIDIR","CODSOL38","1 1/2"" X 45 GRADOS","1 1/2"" X 45 GRADOS","","CODO SOLDABLE 1"" 1/2 X 45 GRADOS"
"DECIDIR","CODSOL32","1"" 4 X 45 1/4","1"" 4 X 45 1/4","","CODO SOLDABLE 1"" 1/4 X 45 GRADOS"
"DECIDIR","CODSOL25","1"" X 45 GRADOS","1"" X 45 GRADOS","","CODO SOLDABLE 1"" X 45 GRADOS"
"DECIDIR","JAL-2211","D 32MM 450MM CC 418MM","D 32MM 450MM CC 418MM","","JALADERA PARA PUERTA TIPO ""C"" (2211)DEXTER"
"DECIDIR","JAL-2212","D 32MM 300MM CC 268MM","D 32MM 300MM CC 268MM","","JALADERA PARA PUERTA TIPO ""C"" (2212)DEXTER"
"DECIDIR","MIR-6415","160°","160°","","MIRILLA DEXTER 160°PARA PUERTA 1/2 LB(6415)"
"DECIDIR","MIR-6416","180°","180°","","MIRILLA DEXTER 180 PARA PUERTA   LB(6416)"
"DECIDIR","MIR-6418","180°","180°","","MIRILLA DEXTER 180°PARA PUERTA 9/16 NS(6418)"
"DECIDIR","NLB-0-4080","4"" 7""","4"" 7""","","NUMERO DE LATON B. DE 4"" # ""7"""
"DECIDIR","PINA002","1/2"" 6 X12.50 CM","1/2"" 6 X12.50 CM","","CANASTA O PIÑA 1/2""  6 CMX12.50 CM"
"DECIDIR","PINA005","1/2"" 4 CM X 10 CM","1/2"" 4 CM X 10 CM","","CANASTA O PIÑA FLAMA 1/2"" 4 CM X 10 CM"
"DECIDIR","ESFOR001","25.4M","25.4M","","ESFERA MACIZA 25.4M(ESFOR001)"
"DECIDIR","ESFOOR002","38 M","38 M","","ESFERA MACIZA 38 M(ESFOOR002)"
"DECIDIR","ESFOOR003","51 M","51 M","","ESFERA MACIZA 51 M"
"DECIDIR","ESFOOR004","64M","64M","","ESFERA MACIZA 64M"
"DECIDIR","ESFOOR006","89 M","89 M","","ESFERA MACIZA 89 M"
"DECIDIR","RIZO011","1/2"" 4 X 1 6 X 15.5 1/4 1/2","1/2"" 4 X 1 6 X 15.5 1/4 1/2","","RIZO DE 1/4 X 1/2"" 6 X 15.5 CMS"
"DECIDIR","RIZO013","1/2"" 4 X 1 7.6 X 19 1/4 1/2","1/2"" 4 X 1 7.6 X 19 1/4 1/2","","RIZO DE 1/4 X 1/2"" 7.6 X 19 CMS"
"DECIDIR","BIRLO5X178","3/16'' X 7''","3/16'' X 7''","","BIRLO 3/16'' X 7''"
"DECIDIR","PIJA10X2","2"" 10 X 2","2"" 10 X 2","","PIJA GALV. 10 X 2"""
"DECIDIR","PIJA8X1","1"" 8 X 1","1"" 8 X 1","","PIJA GALV. 8 X 1"""
"DECIDIR","VAROS8X1","5/16"" 1 MTS 5/16","5/16"" 1 MTS 5/16","","VARILLA ROSCADA DE 5/16"" X 1 MTS."
"DECIDIR","VAROS16","5/8"" 1 MTS 5/8","5/8"" 1 MTS 5/8","","VARILLA ROSCADA DE 5/8"" X 1 MTS."
"DECIDIR","TAQAR1/2X3-3/4","1/2"" X 3-3/4""","1/2"" X 3-3/4""","","TAQUETE ARPON GALV.1/2 X 3-3/4"
"DECIDIR","TAQAR1/4X3-1/4","4X3-1/4","4X3-1/4","","TAQUETE ARPON GALV.1/4X3-1/4"
"DECIDIR","TORCOGALV.8X32","5/16"" X 1""1/4","5/16"" X 1""1/4","","TORNILLO C/COCHE GALV.5/16"" X 1""1/4"
"DECIDIR","BROIRW3/4""","3/4"" C/ZANCO DE 1/2""","3/4"" C/ZANCO DE 1/2""","","BROCA P/FO. 3/4"" C/ZANCO DE 1/2"" IRWIN(012166)"
"DECIDIR","BROIRW5/8""","5/8"" C/ZANCO DE 1/2""","5/8"" C/ZANCO DE 1/2""","","BROCA P/FO. 5/8"" C/ZANCO DE 1/2"" IRWIN(012163)"
"DECIDIR","BROIRW7/8""","7/8"" C/ZANCO DE 1/2""","7/8"" C/ZANCO DE 1/2""","","BROCA P/FO. 7/8"" C/ZANCO DE 1/2"" IRWIN"
"DECIDIR","BROCON1/2X6D00963","1/2"" 6"" 1/4"" 1/2 1/4","1/2"" 6"" 1/4"" 1/2 1/4","","BROCA PARA CONCRETO   SDS MAK 1/2""X 6"" 1/4"" D00963"
"DECIDIR","BROCON1/2X12D00979","1/2"" 12"" 1/2 1/4","1/2"" 12"" 1/2 1/4","","BROCA PARA CONCRETO   SDS MAK 1/2""X12""1/4 D00979"
"DECIDIR","BROCON1/4X4D00860","1/4"" 4"" 1/2"" 1/4 1/2","1/4"" 4"" 1/2"" 1/4 1/2","","BROCA PARA CONCRETO   SDS MAK 1/4""X 4"" 1/2"" D00860"
"DECIDIR","BROCON3/16X6D00832","3/16"" 6"" 3/16 1/4","3/16"" 6"" 3/16 1/4","","BROCA PARA CONCRETO   SDS MAK 3/16""X 6"" 1/4 D00832"
"DECIDIR","BROCON3/8X6D000929","3/8"" 3/8 1/4","3/8"" 3/8 1/4","","BROCA PARA CONCRETO   SDS MAK 3/8""X ""6 1/4 D00929"
"DECIDIR","BROCON3/8X12D000935","3/8"" 12"" 3/8 1/8","3/8"" 12"" 3/8 1/8","","BROCA PARA CONCRETO   SDS MAK 3/8""X 12"" 1/8 D00935"
"DECIDIR","BROCON5/16X6D00907","5/16"" 5/16 1/4","5/16"" 5/16 1/4","","BROCA PARA CONCRETO   SDS MAK 5/16""X ""6 1/4 D00907"
"DECIDIR","BROCON9/16X6D00985","9/16"" 6"" 9/16 1/2","9/16"" 6"" 9/16 1/2","","BROCA PARA CONCRETO   SDS MAK 9/16""X 6"" 1/2 D00985"
"DECIDIR","BROCONI3/16X39MM","3/16"" 39 MM 3/16","3/16"" 39 MM 3/16","","BROCA PARA CONCRETO IRWIN  3/16"" X 39 MM LARGO"
"DECIDIR","CAR3M6001","3M","3M","","CARTUCHO P/VAPORES ORGAN. 3M MOD. 6001"
"DECIDIR","CINAIS3M-013000","4"" 18 M 3M","4"" 18 M 3M","","CINTA AISLAR TEMFLEX 3.4"" X 18 M (3M)(013000)"
"DECIDIR","CINAIS3M","4"" 18 M 3M","4"" 18 M 3M","","CINTA AISLAR TEMFLEX 3.4"" X 18 M (3M)(143451)"
"DECIDIR","CINAIST-2229","18 MM 18 M","18 MM 18 M","","CINTA DE AISLAR 18 MM X 18 M.TUK(2229)"
"DECIDIR","CINCAN007061","50M","50M","","CINTA EMPACAR CANELA 48MMX50M TUK(007061)"
"DECIDIR","CINTRA032211","150M","150M","","CINTA EMPACAR TRANSP. 48MMX150M HITOOLS (032211)"
"DECIDIR","CINTRA032212","150M","150M","","CINTA EMPACAR TRANSP. 72MMX150M HITOOLS (032212)"
"DECIDIR","ESPPEFOAM500ML","500M","500M","","ESPUMA  PENS FOAM MULTIPOSICION 360° 500M(043291)"
"DECIDIR","LENMICGRIS","3M","3M","","LENTE MICA GRIS 3M (11327)"
"DECIDIR","MANDRILL2","1"" 6 "" 1/4","1"" 6 "" 1/4","","MANDRIL P/CORTACIRCULOS 1"" 1/4 A 6 """
"DECIDIR","MANDRIL1L","9/16"" 1"" 9/16 3/16","9/16"" 1"" 9/16 3/16","","MANDRIL P/CORTACIRCULOS 9/16"" A 1""3/16"
"DECIDIR","MASSEN3M","3M 9002 M","3M 9002 M","","MASCARILLA SENCILLA 3M (9002 M)(037398)"
"DECIDIR","PROOI3M","3 M","3 M","","PROTECTOR P/OIDOS 3 M (037407)"
"DECIDIR","RESFACIAL6200","3M","3M","","RESPIRADOR MEDIA CARA MEDIANO 6200 3M"
"DECIDIR","RETFILTRO501-3M","3M","3M","","RETENEDOR DE FILTRO 5N11 MOD.501 3M"
"DECIDIR","SILDURG95GR","95GRS","95GRS","","SILICON DURETAN GRIS. 95 GRS. (60285)"
"DECIDIR","SILDUR95GR","95GRS","95GRS","","SILICON PENS. DURETAN BLANCO 95 GRS (029282)"
"DECIDIR","SOLCIN3M","3M","3M","","SOLUCINTA NEGRA 3M DEVCON"
"DECIDIR","AROC13","12 CM 1/2","12 CM 1/2","","ARO DE CUAD.DE 1/2 A 12 CM( C-3)"
"DECIDIR","AROC-18","14 CM 1/2","14 CM 1/2","","ARO DE CUADRADO DE 1/2 A 14 CM(C-18)"
"DECIDIR","AROC16","12 CM 5/8","12 CM 5/8","","ARO DE CUADRADO DE 5/8 A 12 CM."
"DECIDIR","ARORED13","1/2"" 12 CM 1/2","1/2"" 12 CM 1/2","","ARO DE REDONDO DE 1/2"" A 12 CM"
"DECIDIR","ARORED10","3/8"" 12 CM 3/8","3/8"" 12 CM 3/8","","ARO DE REDONDO DE 3/8"" A 12 CM."
"DECIDIR","FIG-B7","45. 5 x 13.5 cm","45. 5 x 13.5 cm","","FIGURA DE CUADRADO 1/2"" B-7"
"DECIDIR","FIGSOLT","60 X 8.0 8.0CM","60 X 8.0 8.0CM","","FIGURA DE SOLERA ""T"" 60 X 8.0CM"
"DECIDIR","FIGSOLT1","1 1/8"" 38CM 8.00CM 1/8","1 1/8"" 38CM 8.00CM 1/8","","FIGURA DE SOLERA T1 1/8"" 38cm x 8.00cm"
"DECIDIR","JARRONCH","16.4 X 11.50 11.50 CM","16.4 X 11.50 11.50 CM","","JARRON CHICO 16.4 X 11.50 CM"
"DECIDIR","JARRON","35X 24.50 24.50 CM","35X 24.50 24.50 CM","","JARRON GDE.35X 24.50 CM."
"DECIDIR","PANT01","CAL. 14","CAL. 14","","PANTALLA NO. 01 DE 1.22 X .61 CAL. 14"
"DECIDIR","PANT011.22","CAL. 14 2.44 X 1.22","CAL. 14 2.44 X 1.22","","PANTALLA NO. 01 DE 2.44 X 1.22 CAL. 14"
"DECIDIR","PANT02","CAL. 14","CAL. 14","","PANTALLA NO. 02 DE 1.22 X .61 CAL. 14"
"DECIDIR","PANT021.22","CAL.14 2.44 X 1.22","CAL.14 2.44 X 1.22","","PANTALLA NO. 02 DE 2.44 X 1.22 CAL.14"
"DECIDIR","PANT03","CAL. 14","CAL. 14","","PANTALLA NO. 03 DE 1.22 X .61 CAL. 14"
"DECIDIR","PANT04","CAL. 14","CAL. 14","","PANTALLA NO. 04 DE 1.22 X .61 CAL. 14"
"DECIDIR","PANT041.22","CAL.14 2.44 X 1.22","CAL.14 2.44 X 1.22","","PANTALLA NO. 04 DE 2.44 X 1.22 CAL.14"
"DECIDIR","PANT05","CAL. 14","CAL. 14","","PANTALLA NO. 05 DE 1.22 X .61 CAL. 14"
"DECIDIR","PANT051.22","CAL. 14 2.44 X 1.22","CAL. 14 2.44 X 1.22","","PANTALLA NO. 05 DE 2.44 X 1.22 CAL. 14"
"DECIDIR","PANT06","CAL. 14","CAL. 14","","PANTALLA NO. 06 DE 1.22 X .61 CAL. 14"
"DECIDIR","PANT061.22","CAL. 14 2.44 X 1.22","CAL. 14 2.44 X 1.22","","PANTALLA NO. 06 DE 2.44 X 1.22 CAL. 14"
"DECIDIR","PANT08","CAL.14","CAL.14","","PANTALLA NO. 08 DE 1.22 X .61 CAL.14"
"DECIDIR","PANT081.22","CAL. 14 2.44 X 1.22","CAL. 14 2.44 X 1.22","","PANTALLA NO. 08 DE 2.44 X 1.22 CAL. 14"
"DECIDIR","PANT09","CAL.14","CAL.14","","PANTALLA NO. 09 DE 1.22 X .61 CAL.14"
"DECIDIR","PANT091.22","CAL.14 2.44 X 1.22","CAL.14 2.44 X 1.22","","PANTALLA NO. 09 DE 2.44 X 1.22 CAL.14"
"DECIDIR","PANT10","CAL.14","CAL.14","","PANTALLA NO. 10 DE 1.22 X .61 CAL.14"
"DECIDIR","PANT101.22","CAL. 14 2.44 X 1.22","CAL. 14 2.44 X 1.22","","PANTALLA NO. 10 DE 2.44 X 1.22 CAL. 14"
"DECIDIR","VIRGENMED","75CM 40CM","75CM 40CM","","VIRGEN MEDIANA 75CM X 40CM"
"DECIDIR","PLA138X40","1/2"" 2.44 X 12 m","1/2"" 2.44 X 12 m","","PLACA DE 1/2"" DE 2.44 X 12 MTRS DE LARGO(8' X 40')"
"DECIDIR","VIGA12X4(20.9KG)","12"" 4"" 12.20MTS","12"" 4"" 12.20MTS","","VIGA  IPR 12"" X 4"" (20.9KG/MT) A 12.20MTS"
"DECIDIR","VIGAH4X4(19.3KG/MTS)","4"" 6.10 MTS","4"" 6.10 MTS","","VIGA ""H"" 4"" X 4"" X 6.10 MTS (19.3 KG/MTS)"
"DECIDIR","VIGAH6X22.4KGS.","6X6 12.20 MTS","6X6 12.20 MTS","","VIGA H 6X6 DE 22.4 KG/ML A 12.20 MTS."
"DECIDIR","VIGA16X7(67.10KG)","16"" 7"" 12.20 MTS","16"" 7"" 12.20 MTS","","VIGA IPR  16"" X 7""  (67.10KG/ MT) A  12.20  MTS."
"DECIDIR","VIGA16X7(74.40KG)","16"" 7"" 12.20 MTS","16"" 7"" 12.20 MTS","","VIGA IPR  16"" X 7""  (74.40KG/ MT) A  12.20  MTS."
"DECIDIR","VIGA6X4(12.60KG)","6"" 4"" 12.20 MTS","6"" 4"" 12.20 MTS","","VIGA IPR  6"" X 4""  (12.7KG/ MT) A  12.20  MTS."
"DECIDIR","VIGA6X4(13.40KG)","6"" 4"" 12.20 MTS","6"" 4"" 12.20 MTS","","VIGA IPR  6"" X 4""  (13.40KG/MT) A  12.20  MTS."
"DECIDIR","VIGA6X4(17.90KG)","6"" 4"" 12.20 MTS","6"" 4"" 12.20 MTS","","VIGA IPR  6"" X 4""  (17.90KG/MT) A  12.20  MTS."
"DECIDIR","VIGA10X4(22K)","10"" 4"" 12.20MTS","10"" 4"" 12.20MTS","","VIGA IPR 10"" X 4""  (22.00KG/MT) A 12.20MTS"
"DECIDIR","VIGA10X4(25.0KG)12.2","10"" 4"" 12.20 MTS","10"" 4"" 12.20 MTS","","VIGA IPR 10"" X 4"" (25.3KG/MT) A 12.20 MTS."
"DECIDIR","VIGA10(38.7KG/M)","10"" 5 3/4"" 12.20 MTS 3/4","10"" 5 3/4"" 12.20 MTS 3/4","","VIGA IPR 10"" X 5 3/4"" (38.7KG/MT) A 12.20 MTS"
"DECIDIR","VIGA10(44.6KG/MTS)","10"" 5 3/4"" 12.20 MTS 3/4","10"" 5 3/4"" 12.20 MTS 3/4","","VIGA IPR 10"" X 5 3/4"" (44.6KG/MT) A 12.20 MTS"
"DECIDIR","VIGA8X4-14.90A12.20","8"" 4"" 12.20 MTS","8"" 4"" 12.20 MTS","","VIGA IPR 8"" X 4"" (14.90 KG/MT) A 12.20 MTS"
"DECIDIR","VIGA","8"" 4"" 6.10 MTS","8"" 4"" 6.10 MTS","","VIGA IPR 8"" X 4"" (14.90 KG/MT) A 6.10 MTS"
"DECIDIR","VIGA8X4(19.5KG)12.20","8"" 4"" 12.20 MTS","8"" 4"" 12.20 MTS","","VIGA IPR 8"" X 4"" (19.50 KG/MT) A 12.20  MTS."
"DECIDIR","VIGAIPS4""11.46K/M12.","4"" 12.20 MTS","4"" 12.20 MTS","","VIGA IPS DE 4"" DE 11.46 KG/ML 12.20 MTS"
"DECIDIR","VIGAIPS4""11.46K/ML","4"" 6.10 MTS","4"" 6.10 MTS","","VIGA IPS DE 4"" DE 11.46 KG/ML 6.10 MTS"
"DECIDIR","CABALLOFC","550X370 370 MM","550X370 370 MM","","CABALLO FO. CO.( 550X370 MM)"
"DECIDIR","CECOCH","440X260 260MM","440X260 260MM","","CENEFA COLONIAL CHICA(440X260MM)REYES"
"DECIDIR","HROSAG","8X4 4CM","8X4 4CM","","HOJA DE ROSA GRANDE(8X4CM)"
"DECIDIR","MEDAME","C04","C04","","MEDALLON MEDIANO (REYES #C04)"
"DECIDIR","NUALTUBC3013","C30 1/2"" 1/2","C30 1/2"" 1/2","","NUDO DE ALAMBRON P/TUBO 1/2"" C30"
"DECIDIR","NUALTUBC3019","C30 3/4"" 3/4","C30 3/4"" 3/4","","NUDO DE ALAMBRON P/TUBO 3/4"" C30"
"DECIDIR","RESAN2X2.5CAL8","2.00 MTS 2.50 MTS","2.00 MTS 2.50 MTS","","REJA SAN REHNO 2.00 MTS X 2.50 MTS VERDE C-6"
"DECIDIR","RE5/161.20D","5/16"" 1.20MTS 5/16","5/16"" 1.20MTS 5/16","","RESORTE P/CORTINA 5/16"" X 1.20MTS. DER."
"DECIDIR","RE5/161.20I","5/16"" 1.20MTS 5/16","5/16"" 1.20MTS 5/16","","RESORTE P/CORTINA 5/16"" X 1.20MTS. IZQ."
"DECIDIR","LLLECH","225X175 175 MM","225X175 175 MM","","TOCADOR DE LEON FO.FO. (225X175 MM)"
"DECIDIR","CAAGUC24","C24 15 CM 3.05M","C24 15 CM 3.05M","","CANAL AGUA C24 15 CM X3.05M"
"DECIDIR","CAAGU","C26 10 CM 3.05M","C26 10 CM 3.05M","","CANAL AGUA C26 10 CM X3.05M"
"DECIDIR","TACASCG3X620","C20 3X6","C20 3X6","","TABLERO CASC. CAJA GDE. 3X6 C20"
"DECIDIR","MALLACI1.50CAL.12.50","CAL.12 1.50 MT 20MTS 50/20","CAL.12 1.50 MT 20MTS 50/20","","MALLA CICLON 1.50 MT. ALT./CAL.12.50/20MTS."
"DECIDIR","MALLACI1.75CAL.12.50","CAL.12 1.75 MT 20MTS 50/20","CAL.12 1.75 MT 20MTS 50/20","","MALLA CICLON 1.75 MT. ALT./CAL.12.50/20MTS."
"DECIDIR","MALLACI2CAL.12.50","CAL.12 2.00 MT 20 MTS 50/20","CAL.12 2.00 MT 20 MTS 50/20","","MALLA CICLON 2.00 MT. ALT./CAL.12.50/20 MTS."
"DECIDIR","BPVC2.95M","2.95M 6CM","2.95M 6CM","","BAJANTE PVC 2.95M X8CMX6CM"
"DECIDIR","BPVC4M","4M 6CM","4M 6CM","","BAJANTE PVC 4M X8CMX6CM"
"DECIDIR","CCENTRAL","13.50X8.50X10.50 7.5CM","13.50X8.50X10.50 7.5CM","","CAIDA CENTRAL PVC 13.50X8.50X10.50X7.5CM"
"DECIDIR","CAPVC2.95M","10.5X8.50X13.20 2.95M 13.20CM","10.5X8.50X13.20 2.95M 13.20CM","","CANAL PVC 2.95M X10.5X8.50X13.20CM"
"DECIDIR","CODO-INF-PVC","6.70X9X5 8CM","6.70X9X5 8CM","","CODO INFERIOR PVC 65° X6.70X9X5X8CM"
"DECIDIR","COLGANT-PVC","13X5 5CM","13X5 5CM","","COLGANTE PVC 13X5CM"
"DECIDIR","CONECT-PVC","13X11X8.5 8.5CM","13X11X8.5 8.5CM","","CONECTOR PVC 13X11X8.5CM"
"DECIDIR","TAPA-C","13X11X8.50 8.50CM","13X11X8.50 8.50CM","","JGO. TAPA CANAL PVC 13X11X8.50CM"
"DECIDIR","SOPORT-CANAL","8.50X12X14 14CM","8.50X12X14 14CM","","SOPORTE CANAL PVC 8.50X12X14CM"
"DECIDIR","U-BAJANT","9X6 6CM","9X6 6CM","","UBICADOR (ABRAZADERA)BAJANTE PVC 9X6CM"
"DECIDIR","DUELZ43M","43M","43M","","DUELA Z. DE 4 X .915 CUADRO MARRUECOS (43M)"
"DECIDIR","DUELZ86M","8 X 1.83 86M","8 X 1.83 86M","","DUELA Z. DE 8 X 1.83 CUADRO MARRUECOS (86M)"
"DECIDIR","DT100-065","10 CM 2 MTS","10 CM 2 MTS","","DUELA ZINTRO 10 CM X 2 MTS (100-065)"
"DECIDIR","DT100-100","10 CM 3.05 MTS","10 CM 3.05 MTS","","DUELA ZINTRO 10 CM X 3.05 MTS (100-100)"
"DECIDIR","DT20-065","2 CM 2 MTS","2 CM 2 MTS","","DUELA ZINTRO 2 CM X 2 MTS (20-065)"
"DECIDIR","DT40-065","4 CM 2 MTS","4 CM 2 MTS","","DUELA ZINTRO 4 CM X 2 MTS (40-065)"
"DECIDIR","DT40-100","4 CM 3.05 MTS","4 CM 3.05 MTS","","DUELA ZINTRO 4 CM X 3.05 MTS (40-100)"
"DECIDIR","DT060-065","6 CM 2 MTS","6 CM 2 MTS","","DUELA ZINTRO 6 CM X 2 MTS (060-065)"
"DECIDIR","DT060-100","6 CM 3.05 MTS","6 CM 3.05 MTS","","DUELA ZINTRO 6 CM X 3.05 MTS (060-100)"
"DECIDIR","DT80-065","8 CM 2 MTS","8 CM 2 MTS","","DUELA ZINTRO 8 CM X 2 MTS. (80-065)"
"DECIDIR","DT080-100","8 CM 3.05 MTS","8 CM 3.05 MTS","","DUELA ZINTRO 8 CM X 3.05 MTS (080-100)"
"DECIDIR","MEDE42018","18 4"" 1.20 MTS","18 4"" 1.20 MTS","","METAL DESPLEGADO 20-18 4"" (1.20 MTS)"
"DECIDIR","MEDE43220","20 4""","20 4""","","METAL DESPLEGADO 32-20 4"" (1.20)"
"DECIDIR","304A","3/8 1/2","3/8 1/2","","TORN NIVEL R3/8 X L1 1/2 B. REDON PLANA (304A)"
"DECIDIR","302A","5/16 1/2","5/16 1/2","","TORN NIVEL R5/16 X L1 1/2 B. REDOND (302A)"
"DECIDIR","HSS4X41/4-12.20","4"" 12.20 MTS 1/4","4"" 12.20 MTS 1/4","","HSS  DE 4"" X 4"" EN 1/4 A 12.20 MTS( 17.73 KG/ML)"
"DECIDIR","LACT1.22","C26","C26","","LAMINA ACEROTEJA ROJA 1.22 C26"
"DECIDIR","LACT1.83","C26","C26","","LAMINA ACEROTEJA ROJA 1.83 C26"
"DECIDIR","LACT2.44","C26","C26","","LAMINA ACEROTEJA ROJA 2.44 C26"
"DECIDIR","LACT3.05","C26","C26","","LAMINA ACEROTEJA ROJA 3.05 C26"
"DECIDIR","LACT3.66","C26","C26","","LAMINA ACEROTEJA ROJA 3.66 C26"
"DECIDIR","LACT4.27","C26","C26","","LAMINA ACEROTEJA ROJA 4.27 C26"
"DECIDIR","LACT4.88","C26","C26","","LAMINA ACEROTEJA ROJA 4.88 C26"
"DECIDIR","LACT5.50","C26","C26","","LAMINA ACEROTEJA ROJA 5.50 C26"
"DECIDIR","LACT6.10","C26","C26","","LAMINA ACEROTEJA ROJA 6.10 C26"
"DECIDIR","PLA136X20","1.83 X 6.10 6X20 1/2","1.83 X 6.10 6X20 1/2","","PLACA DE 1/2 DE 1.83 X 6.10 MTRS DE LARGO (6X20)"
"DECIDIR","BCHA50","400 2""","400 2""","","BROCHA S-400 2"""
"DECIDIR","FLECA36MGA","3.6M","3.6M","","FLEXOMETRO CADENA 3.6M -MGA3619"
"DECIDIR","FLECA55","5.5 M","5.5 M","","FLEXOMETRO CADENA 5.5 M  MOD.5525(MGA)"
"DECIDIR","FLECA55R","5.5M","5.5M","","FLEXOMETRO CADENA 5.5M (RGA5525)"
"DECIDIR","FLECA5MGA","5M","5M","","FLEXOMETRO CADENA 5M MOD.5020(MGA)"
"DECIDIR","FLECA5","5M","5M","","FLEXOMETRO CADENA 5M MOD.WDA.5020"
"DECIDIR","FLECA7.5","7.5 M","7.5 M","","FLEXOMETRO CADENA 7.5 M MOD RGA 7525"
"DECIDIR","FLECA9","9 M","9 M","","FLEXOMETRO CADENA 9 M MOD. (MGA9025)"
"DECIDIR","FLECA5.5C","5.5 M","5.5 M","","FLEXOMETRO CADENA MGA-5528 5.5 M VERDE AGUA"
"DECIDIR","JAL-HC4527N","30MM 450MM","30MM 450MM","","JALADERA H CUAD.30MM-450MM NEGRA"
"DECIDIR","JAL-HC4527S","30MM 450MM","30MM 450MM","","JALADERA H CUAD.30MM-450MM SATINADA"
"DECIDIR","JAL-HC8060N","30MM 800MM","30MM 800MM","","JALADERA H CUAD.30MM-800MM NEGRA"
"DECIDIR","JAL-HC8060S","30MM 800MM","30MM 800MM","","JALADERA H CUAD.30MM-800MM SATINADA"
"DECIDIR","LPER3MMC.22","CAL.22 3 MM 1MT 2MT 118/196","CAL.22 3 MM 1MT 2MT 118/196","","LAMINA PERFORADA 3 MM CAL.22 1MT.X 2MT.(E118/196)"
"DECIDIR","LPER6MMC.20","CAL.20 6 MM 1MT 2MT 236/314","CAL.20 6 MM 1MT 2MT 236/314","","LAMINA PERFORADA 6 MM CAL.20 1MT.X 2MT.(E236/314)"
"DECIDIR","LPER10MMC.20","CAL.20 10 MM 1MT 2MT 393/511","CAL.20 10 MM 1MT 2MT 393/511","","LAMINA PERFORADA10 MM CAL.20 1MT.X 2MT.(E393/511)"
"DECIDIR","PASA30","1/2"" 33.50 CM 1/2","1/2"" 33.50 CM 1/2","","PASADOR DE PISO REDONDO 1/2"" 33.50 CM GALV"
"DECIDIR","PUFLE107","1/2"" 15 CM","1/2"" 15 CM","","PUNTA FLECHA LANZA CUAD. 1/2"" 15 CM. (PUFLE107)"
"DECIDIR","REBA","91.5 X 2.44 2.44 MTS","91.5 X 2.44 2.44 MTS","","REJACERO BARROCO  91.5 X 2.44 MTS."
"DECIDIR","RECLA","91.5 X 2.44 2.44 MTS","91.5 X 2.44 2.44 MTS","","REJACERO CLASICO  91.5 X 2.44 MTS.(71155"
"DECIDIR","REGO1.22","1.22 X 2.44 2.44 MTS","1.22 X 2.44 2.44 MTS","","REJACERO GOTICO 1.22 X 2.44 MTS."
"DECIDIR","REGO","91.5 X 2.44 2.44 MTS","91.5 X 2.44 2.44 MTS","","REJACERO GOTICO 91.5 X 2.44 MTS."
"DECIDIR","REGRA1.22","1.22X 2.44 2.44 MTS","1.22X 2.44 2.44 MTS","","REJACERO GRANADA 1.22X 2.44 MTS"
"DECIDIR","REGRA","91.5 CM 2.44 MT","91.5 CM 2.44 MT","","REJACERO GRANADA 91.5 CM X 2.44 MT"
"DECIDIR","REPA","91.5 X 2.44 2.44 MT","91.5 X 2.44 2.44 MT","","REJACERO PACIFICO 91.5 X 2.44 MT"
"DECIDIR","REPA1.22","1.22 X 2.44 2.44 MT","1.22 X 2.44 2.44 MT","","REJACERO PACIFICO DE 1.22 X 2.44 MT"
"DECIDIR","RE3/1635","3/16"" 35 CM 3/16","3/16"" 35 CM 3/16","","RESORTE P/CORTINA 3/16"" X 35 CM"
"DECIDIR","RE3/1640","3/16"" 40 CM 3/16","3/16"" 40 CM 3/16","","RESORTE P/CORTINA 3/16"" X 40 CM"
"DECIDIR","RE7/3235","7/32"" 35 CM 7/32","7/32"" 35 CM 7/32","","RESORTE P/CORTINA 7/32"" X 35 CM"
"DECIDIR","RE7/3240","7/32"" 40 CM 7/32","7/32"" 40 CM 7/32","","RESORTE P/CORTINA 7/32"" X 40 CM"
"DECIDIR","HSS6X63/16-12.20M","6"" 12.20 MTS 3/16","6"" 12.20 MTS 3/16","","HSS  DE 6"" X 6"" EN 3/16 A 12.20 MTS( 21.65 KG/ML)"
"DECIDIR","HSS6X63/16","6"" 6.10 MTS 3/16","6"" 6.10 MTS 3/16","","HSS  DE 6"" X 6"" EN 3/16 A 6.10 MTS( 21.65 KG/ML)"
"DECIDIR","HSS10X101/4","10"" 1/4"" 12.20 MTS 1/4","10"" 1/4"" 12.20 MTS 1/4","","HSS DE 10"" X 10"" EN 1/4"" A 12.20 MTS(48.55 KG/ML)"
"DECIDIR","HSS12X123/8","12"" 3/8"" 12.20 MTS 3/8","12"" 3/8"" 12.20 MTS 3/8","","HSS DE 12"" X 12"" EN 3/8"" A 12.20 MTS ( 86.46 KG/ML"
"DECIDIR","HSS8X81/4","8"" 1/4"" 12.20 MTS 1/4","8"" 1/4"" 12.20 MTS 1/4","","HSS DE 8"" X 8"" EN 1/4"" A 12.20 MTS"
"DECIDIR","HSS8X8-3/8","8"" 3/8"" 12.20 MTS 3/8","8"" 3/8"" 12.20 MTS 3/8","","HSS DE 8"" X 8"" EN 3/8"" A 12.20 MTS"
"DECIDIR","MON250X69C-14","2"" 10 X 2 10 MTS 3/4","2"" 10 X 2 10 MTS 3/4","","MONTEN 10 X 2"" 3/4  C-14    10 MTS"
"DECIDIR","MON300X87","12"" 3"" 12MTS 1/2","12"" 3"" 12MTS 1/2","","MONTEN 12""X 3"" 1/2  C-14 LARGO 12MTS"
"DECIDIR","MON200X70C14","C.14 8"" 8 MTS 3/4","C.14 8"" 8 MTS 3/4","","MONTEN PINT. 8"" X 2 3/4  8 MTS. C.14"
"DECIDIR","MON75X38C16","C 16 3 X 1 1/2","C 16 3 X 1 1/2","","MONTEN PINTADO 3 X 1 1/2 C 16"
"DECIDIR","MON75X38C14","C14 11/2"" 3X11 11/2","C14 11/2"" 3X11 11/2","","MONTEN PINTADO 3X11/2"" C14"
"DECIDIR","MON100X50C14","C14 2"" 4 X 2 6MTS","C14 2"" 4 X 2 6MTS","","MONTEN PINTADO 4 X 2"" C14 6MTS."
"DECIDIR","MON100X50C16","C16 2"" 4 X 2","C16 2"" 4 X 2","","MONTEN PINTADO 4 X 2"" C16"
"DECIDIR","MON100X38C14","11/2"" 4X11 11/2","11/2"" 4X11 11/2","","MONTEN PINTADO 4X11/2"" C-14"
"DECIDIR","MON100X505MTC14","C14 4X2 5MTS","C14 4X2 5MTS","","MONTEN PINTADO 4X2 C14 5MTS"
"DECIDIR","MON150X50C14","C 14 2"" 6 X 2","C 14 2"" 6 X 2","","MONTEN PINTADO 6 X 2"" C 14"
"DECIDIR","PTR38X38C11","1"" 2 X 1 1/2","1"" 2 X 1 1/2","","PTR 1"" 1/2 X 1"" 1/2 C-11"
"DECIDIR","PTR50X150","C 14 6 X 2","C 14 6 X 2","","PTR 6 X 2 C 14"
"DECIDIR","PTRG38X38C14","1"" 2 X 1 1/2","1"" 2 X 1 1/2","","PTR DE 1"" 1/2 X 1"" 1/2 GALVANIZADO C-14"
"DECIDIR","PTA473X1020","C 20 3X10","C 20 3X10","","TABLERO PINTADO  ATRAV. 3X10 EN V C 20"
"DECIDIR","TUINC1638","16 1"" 1/2","16 1"" 1/2","","TUBO INDUSTRIAL C-16 1"" 1/2"
"DECIDIR","TUINC1632","16 1"" 1/4","16 1"" 1/4","","TUBO INDUSTRIAL C-16 1"" 1/4"
"DECIDIR","TUINC1644","16 1"" 3/4","16 1"" 3/4","","TUBO INDUSTRIAL C-16 1"" 3/4"
"DECIDIR","TUINC1650","16 2""","16 2""","","TUBO INDUSTRIAL C-16 2"""
"DECIDIR","TUINC1675","16 3""","16 3""","","TUBO INDUSTRIAL C-16 3"""
"DECIDIR","TUINC1625","1"" 6 MTS","1"" 6 MTS","","TUBO INDUSTRIAL DE 1"" C-16 6 MTS"
"DECIDIR","TUINC2025","1"" 6MTS","1"" 6MTS","","TUBO INDUSTRIAL DE 1"" C-20 6MTS"
"DECIDIR","TUINC2013","6MTS 1/2","6MTS 1/2","","TUBO INDUSTRIAL DE 1/2° C-20 6MTS."
"DECIDIR","TUINC2019","3/4"" 6 MT 3/4","3/4"" 6 MT 3/4","","TUBO INDUSTRIAL DE 3/4"" C-20 6 MT."
"DECIDIR","TUINC2016","6MTS 5/8","6MTS 5/8","","TUBO INDUSTRIAL DE 5/8  C-20 6MTS."
"DECIDIR","TUNEC3038","C 30 1 1/2"" 1/2","C 30 1 1/2"" 1/2","","TUBO NEGRO C 30 1 1/2"""
"DECIDIR","TUNEC3032","C 30 1 1/4"" 1/4","C 30 1 1/4"" 1/4","","TUBO NEGRO C 30 1 1/4"""
"DECIDIR","TUNEC3025","C 30 30 1""","C 30 30 1""","","TUBO NEGRO C 30 1"""
"DECIDIR","TUNEC3013","C 30 30 1/2"" 1/2","C 30 30 1/2"" 1/2","","TUBO NEGRO C 30 1/2"""
"DECIDIR","TUNEC3065","C 30 2 1/2"" 1/2","C 30 2 1/2"" 1/2","","TUBO NEGRO C 30 2 1/2"""
"DECIDIR","TUNEC3050","C 30 30 2""","C 30 30 2""","","TUBO NEGRO C 30 2"""
"DECIDIR","TUNEC3075","C 30 30 3""","C 30 30 3""","","TUBO NEGRO C 30 3"""
"DECIDIR","TUNEC3019","C 30 30 3/4"" 3/4","C 30 30 3/4"" 3/4","","TUBO NEGRO C 30 3/4"""
"DECIDIR","TUNEC30100","C 30 30 4""","C 30 30 4""","","TUBO NEGRO C 30 4"""
"DECIDIR","TUNEC30150","C 30 30 6""","C 30 30 6""","","TUBO NEGRO C 30 6"""
"DECIDIR","TUNEC4038","C 40 1 1/2"" 1/2","C 40 1 1/2"" 1/2","","TUBO NEGRO C 40 1 1/2"""
"DECIDIR","TUNEC4032","C 40 1 1/4"" 1/4","C 40 1 1/4"" 1/4","","TUBO NEGRO C 40 1 1/4"""
"DECIDIR","TUNEC4025","C 40 40 1""","C 40 40 1""","","TUBO NEGRO C 40 1"""
"DECIDIR","TUNEC4013","C 40 40 1/2"" 1/2","C 40 40 1/2"" 1/2","","TUBO NEGRO C 40 1/2"""
"DECIDIR","TUNEC4050","C 40 40 2""","C 40 40 2""","","TUBO NEGRO C 40 2"""
"DECIDIR","TUNEC4075","C 40 40 3""","C 40 40 3""","","TUBO NEGRO C 40 3"""
"DECIDIR","TUNEC4019","C 40 40 3/4"" 3/4","C 40 40 3/4"" 3/4","","TUBO NEGRO C 40 3/4"""
"DECIDIR","TUNEC40100","C 40 40 4""","C 40 40 4""","","TUBO NEGRO C 40 4"""
"DECIDIR","TUNEC40150","C 40 40 6""","C 40 40 6""","","TUBO NEGRO C 40 6"""
"DECIDIR","CRIBA","C. 10 40X40X 1 1M","C. 10 40X40X 1 1M","","CRIBA ORNAMENTAL GALV. C. 10.5 40X40X 1M."
"DECIDIR","CA-2-M","02M","02M","","JGO. CARBON LICUADORAS MAN CA-02M"
"DECIDIR","TILOUVER","CAL. 18 3.05 MTS","CAL. 18 3.05 MTS","","TIRA LOUVER GAL. 3.05 MTS. GALV. CAL. 18"
"DECIDIR","AA715/120","1/2 715/120","1/2 715/120","","ESMERILADORA 4 1/2, GLADIATOR 800W ( AA715/120)"
"DECIDIR","NL 1045/3","45M","45M","","NIVEL LASER AUTONIVEL.GLAD. 45M."
"DECIDIR","CABLISOC32","C.32 3.05 MTS","C.32 3.05 MTS","","CABALLETE GALV. Z ALUM LISO  3.05 MTS. C.32"
"DECIDIR","CABZALUMR-72","C.26 3.05 MTS","C.26 3.05 MTS","","CABALLETE GALV. Z ALUM R-72 3.05 MTS. C.26"
"DECIDIR","ZC150","1 /2""","1 /2""","","CUADRADO TUBULAR 1 1 /2"""
"DECIDIR","ZC125","1 /4""","1 /4""","","CUADRADO TUBULAR 1 1 /4"""
"DECIDIR","LNL3C10","C10","C10","","KG.  LAMINA NEGRA LISA 3´C10"
"DECIDIR","LGLR3C24","C24","C24","","KG. DE LAM. GALV ROLL C24 3`"
"DECIDIR","LGLR4C24","C24","C24","","KG. DE LAM. GALV ROLL C24 4`"
"DECIDIR","LGLR3C26","C26","C26","","KG. DE LAM. GALV ROLL C26 3`"
"DECIDIR","LGLR4C26","C26","C26","","KG. DE LAM. GALV ROLL C26 4`"
"DECIDIR","LGLR3C28","C28","C28","","KG. DE LAM. GALV ROLL C28 3`"
"DECIDIR","LGLR3C30","C30","C30","","KG. DE LAM. GALV ROLL C30 3´"
"DECIDIR","LGZR3.05C26","CAL.26","CAL.26","","LAMINA GALV. Z ALUM RECT 3.05 CAL.26"
"DECIDIR","LGZR4.27C26","CAL. 26","CAL. 26","","LAMINA GALV. Z ALUM RECT 4.27 CAL. 26"
"DECIDIR","LGZR4.88C26","CAL. 26","CAL. 26","","LAMINA GALV. Z ALUM RECT 4.88 CAL. 26"
"DECIDIR","LGZR6.10C26","CAL. 26","CAL. 26","","LAMINA GALV. Z. ALUM RECT 6.10 CAL. 26"
"DECIDIR","LGT3.05","C 26 3.05 MT","C 26 3.05 MT","","LAMINA GALVATEJA C 26 3.05 MT."
"DECIDIR","LGT3.66","C 26 3.66 MT","C 26 3.66 MT","","LAMINA GALVATEJA C 26 3.66 MT."
"DECIDIR","LGALTEJA4.27","C 26 4.27 MT","C 26 4.27 MT","","LAMINA GALVATEJA C 26 4.27 MT."
"DECIDIR","LGTP1.22","C 26 1.22 MT","C 26 1.22 MT","","LAMINA GALVATEJA PLUS C 26 1.22 MT"
"DECIDIR","LGTP1.83","C 26 1.83 MT","C 26 1.83 MT","","LAMINA GALVATEJA PLUS C 26 1.83 MT."
"DECIDIR","LGTP2.44","C 26 2.44 MT","C 26 2.44 MT","","LAMINA GALVATEJA PLUS C 26 2.44 MT."
"DECIDIR","LGTP3.05","C 26 3.05 MT","C 26 3.05 MT","","LAMINA GALVATEJA PLUS C 26 3.05 MT."
"DECIDIR","LGTP3.66","C 26 3.66 MT","C 26 3.66 MT","","LAMINA GALVATEJA PLUS C 26 3.66 MT."
"DECIDIR","LGTP4.27","C 26 4.27 MT","C 26 4.27 MT","","LAMINA GALVATEJA PLUS C 26 4.27 MT."
"DECIDIR","LGTP4.88","C 26 4.88 MT","C 26 4.88 MT","","LAMINA GALVATEJA PLUS C 26 4.88 MT."
"DECIDIR","LGTP5.50","C 26 5.50 MT","C 26 5.50 MT","","LAMINA GALVATEJA PLUS C 26 5.50 MT."
"DECIDIR","LGTP6.10","C 26 6.10 MT","C 26 6.10 MT","","LAMINA GALVATEJA PLUS C 26 6.10 MT."
"DECIDIR","LNANT3C12","C12 3X10","C12 3X10","","LAMINA NEGRA ANTID. 3X10 C12"
"DECIDIR","LNANT3C14","C14 3X10","C14 3X10","","LAMINA NEGRA ANTID. 3X10 C14"
"DECIDIR","LNANT4C12","C12 4X10","C12 4X10","","LAMINA NEGRA ANTID. 4X10 C12"
"DECIDIR","LNANT4C14","C14 4X10","C14 4X10","","LAMINA NEGRA ANTID. 4X10 C14"
"DECIDIR","LNANT4C16","C16 4X10","C16 4X10","","LAMINA NEGRA ANTID. 4X10 C16"
"DECIDIR","LNL3C12","C12","C12","","MT LAMINA NEGRA LISA 3 C12"
"DECIDIR","LNL3C14","C14","C14","","MT LAMINA NEGRA LISA 3 C14"
"DECIDIR","LNL3C16","C16","C16","","MT LAMINA NEGRA LISA 3 C16"
"DECIDIR","LNL3C18","C18","C18","","MT LAMINA NEGRA LISA 3 C18"
"DECIDIR","LNL3C20","C20","C20","","MT LAMINA NEGRA LISA 3 C20"
"DECIDIR","LNL3C22","C22","C22","","MT LAMINA NEGRA LISA 3 C22"
"DECIDIR","LNL4C12","C12","C12","","MT LAMINA NEGRA LISA 4 C12"
"DECIDIR","LNL4C14","C14","C14","","MT LAMINA NEGRA LISA 4 C14"
"DECIDIR","LNL4C16","C16","C16","","MT LAMINA NEGRA LISA 4 C16"
"DECIDIR","LNL4C18","C18","C18","","MT LAMINA NEGRA LISA 4 C18"
"DECIDIR","LNL4C20","C20","C20","","MT LAMINA NEGRA LISA 4 C20"
"DECIDIR","LGL3C14","C14","C14","","MT. DE LAM. GALV LISA 3' C14"
"DECIDIR","LGL3C16","C16","C16","","MT. DE LAM. GALV LISA 3´ C16"
"DECIDIR","LGL3C18","C18","C18","","MT. DE LAM. GALV LISA 3´ C18"
"DECIDIR","LGL3C20","C20","C20","","MT. DE LAM. GALV LISA 3´ C20"
"DECIDIR","LGL3C22","C22","C22","","MT. DE LAM. GALV LISA 3´ C22"
"DECIDIR","LGL4C16","C16","C16","","MT. DE LAM. GALV LISA 4´ C16"
"DECIDIR","LGL4C18","C18","C18","","MT. DE LAM. GALV LISA 4´ C18"
"DECIDIR","LGL4C20","C20","C20","","MT. DE LAM. GALV LISA 4´ C20"
"DECIDIR","LGL4C22","C22","C22","","MT. DE LAM. GALV LISA 4´ C22"
"DECIDIR","PTR100X100C1/4-6.10","C 1 4"" 6.10M 1/4","C 1 4"" 6.10M 1/4","","PTR 4"" X 4"" C 1/4 6.10M"
"DECIDIR","ZR400","1 1/2"" 4 X 1 1/2","1 1/2"" 4 X 1 1/2","","RECTANGULAR 4 X 1 1/2"""
"DECIDIR","ZT473X320","C 20 3 X 3","C 20 3 X 3","","TABLERO 3 X 3 EN V C 20"
"DECIDIR","ZT473X322","C 22 3 X 3","C 22 3 X 3","","TABLERO 3 X 3 EN V C 22"
"DECIDIR","ZT473X620","C20 3 X 6","C20 3 X 6","","TABLERO 3 X 6  EN V C20"
"DECIDIR","ZT473X622","C 22 3 X 6","C 22 3 X 6","","TABLERO 3 X 6 EN V C 22"
"DECIDIR","ZT473X820","C 20 3 X 8","C 20 3 X 8","","TABLERO 3 X 8 EN V C 20"
"DECIDIR","ZT473X822","C22 3 X 8","C22 3 X 8","","TABLERO 3 X 8 EN V C22"
"DECIDIR","ZT483X1020","C 20 3X10","C 20 3X10","","TABLERO 3X10 EN CAJA GDE. C 20"
"DECIDIR","ZT473X1020","C 20 3X10","C 20 3X10","","TABLERO 3X10 EN V C 20"
"DECIDIR","ZT473X1022","C 22 3X10","C 22 3X10","","TABLERO 3X10 EN V C 22"
"DECIDIR","ZT483X422","C22 3X4","C22 3X4","","TABLERO 3X4 CAJA GDE. C22"
"DECIDIR","ZTA473X820","C 20 3 X 8","C 20 3 X 8","","TABLERO ATRAV. 3 X 8 EN V C 20"
"DECIDIR","ZTA473X822","C 22 3 X 8","C 22 3 X 8","","TABLERO ATRAV. 3 X 8 EN V C 22"
"DECIDIR","ZTA473X1020","C 20 3X10","C 20 3X10","","TABLERO ATRAV. 3X10 EN V C 20"
"DECIDIR","ZTA473X1022","C 22 3X10","C 22 3X10","","TABLERO ATRAV. 3X10 EN V C 22"
"DECIDIR","ZTA473X620","C20 3 X 6","C20 3 X 6","","TABLERO ATRAVESADO DE 3 X 6 C20"
"DECIDIR","ZTA473X622","C22 3 X 6","C22 3 X 6","","TABLERO ATRAVESADO DE 3 X 6 C22"
"DECIDIR","ZT483X322","C 22 3 X 3","C 22 3 X 3","","TABLERO ZINTRO 3 X 3 EN CAJA GDE. C 22"
"DECIDIR","TCEC244","C24 4.05 M","C24 4.05 M","","TIRA P/CORT. EUROPEA C24 4.05 M"
"DECIDIR","TCEC245","C24 5.05 M","C24 5.05 M","","TIRA P/CORT. EUROPEA C24 5.05 M"
"DECIDIR","TCEC246","C24 6.00 M","C24 6.00 M","","TIRA P/CORT. EUROPEA C24 6.00 M"
"DECIDIR","ZP300C18","CAL.18 1 1/2"" 3"" 1/2","CAL.18 1 1/2"" 3"" 1/2","","ZOCLO CON CEJA 1 1/2"" X 3"" CAL.18"
"DECIDIR","ZP400C18","CAL. 18 1 1/2"" 4"" 1/2","CAL. 18 1 1/2"" 4"" 1/2","","ZOCLO CON CEJA 1 1/2"" X 4"" CAL. 18."
"DECIDIR","ZP200","1 1/2"" 2 X 1 1/2","1 1/2"" 2 X 1 1/2","","ZOCLO CON CEJA 2 X 1 1/2"""
"DECIDIR","ZP250","1 1/2"" 2 X 1 21/2 1/2","1 1/2"" 2 X 1 21/2 1/2","","ZOCLO CON CEJA 21/2 X 1 1/2"""
"DECIDIR","CTM19","3/4"" 6MTS 3/4","3/4"" 6MTS 3/4","","CUADRADO TUB. MART.6MTS.3/4""C-18"
"DECIDIR","LMNC18-4X8","C18 4X8","C18 4X8","","LOUVER MESH N94 A.NEGRO C18 4X8"
"DECIDIR","SOLD410-2X3/16-6M","2"" 3/16"" 6MT 3/16","2"" 3/16"" 6MT 3/16","","SOLERA DECOR. 2"" X 3/16"" 6MT.(20410)"
"DECIDIR","SOLD407","3/16"" 1"" 3MT 3/16 1/2","3/16"" 1"" 3MT 3/16 1/2","","SOLERA DECOR. 3/16"" X 1"" 1/2 3MT.(20407)"
"DECIDIR","SOLD4083M","3/16"" 1"" 3MT 3/16 1/2","3/16"" 1"" 3MT 3/16 1/2","","SOLERA DECOR. 3/16"" X 1"" 1/2 3MT.(20408)"
"DECIDIR","SOLD4056M","3/16"" 1"" 6MT 3/16 1/2","3/16"" 1"" 6MT 3/16 1/2","","SOLERA DECOR. 3/16"" X 1"" 1/2 6MT.(20405)"
"DECIDIR","SOLD4066M","3/16"" 1"" 6MT 3/16 1/2","3/16"" 1"" 6MT 3/16 1/2","","SOLERA DECOR. 3/16"" X 1"" 1/2 6MT.(20406)"
"DECIDIR","SOLD4076M","3/16"" 1"" 6MT 3/16 1/2","3/16"" 1"" 6MT 3/16 1/2","","SOLERA DECOR. 3/16"" X 1"" 1/2 6MT.(20407)"
"DECIDIR","SOLD4086M","3/16"" 1"" 6MT 3/16 1/2","3/16"" 1"" 6MT 3/16 1/2","","SOLERA DECOR. 3/16"" X 1"" 1/2 6MT.(20408)"
"DECIDIR","SOLD4106M","3/16"" 1"" 6MT 3/16 1/2","3/16"" 1"" 6MT 3/16 1/2","","SOLERA DECOR. 3/16"" X 1""1/2 6MT.(20410)"
"DECIDIR","TILOUVERN","CAL. 18 3.05 MTS","CAL. 18 3.05 MTS","","TIRA LOUVER NEGRA C/COST.3.05 MTS. CAL. 18"
"DECIDIR","TUCO38","1"" 1 MT 1/2","1"" 1 MT 1/2","","TUBO COMBINADO 1"" 1/2 1 MT."
"DECIDIR","TUCO32","1"" 1 MT 1/4","1"" 1 MT 1/4","","TUBO COMBINADO 1"" 1/4 1 MT."
"DECIDIR","TUCO25","1"" 1MT","1"" 1MT","","TUBO COMBINADO 1"" 1MT"
"DECIDIR","TUCO19","3/4"" 1 MTS 3/4","3/4"" 1 MTS 3/4","","TUBO COMBINADO 3/4"" DE 1 MTS."
"DECIDIR","TUELI38","1"" 1 MT 1/2","1"" 1 MT 1/2","","TUBO ELITE 1"" 1/2 C-16 1 MT 11555"
"DECIDIR","TUELI38C16-11560","1"" 1 MT 1/2","1"" 1 MT 1/2","","TUBO ELITE 1"" 1/2 C-16 1 MT.(11560)"
"DECIDIR","TUIN16C18MI1","5/8"" 1MT 5/8","5/8"" 1MT 5/8","","TUBO INGLES  5/8"" 1MT C-18 (10610-INGLES 1)"
"DECIDIR","TUIN16C18MI2","5/8"" 1MT 5/8","5/8"" 1MT 5/8","","TUBO INGLES  5/8"" 1MT C-18 (10611-INGLES 2)"
"DECIDIR","AT2610254M","4MTS 10/25","4MTS 10/25","","ANTORCHA P/SOLD. TIG SR26V 4MTS. 10/25 ELITE"
"DECIDIR","BAF150","1"" 50 MTS","1"" 50 MTS","","BARRETA HEX. 1"" X 1,50 MTS SURTEK (BAF150)"
"DECIDIR","151227","1/8"" 2X1X2 1/8","1/8"" 2X1X2 1/8","","BOLA PARA REMOLQUE 2X1X2-1/8""  SURTEK (151227)"
"DECIDIR","BSDS1/2X12","1/2"" 12"" 2X12 1/2","1/2"" 12"" 2X12 1/2","","BROCA P/CONCRETO SDS URREA 1/2"" X 12"" (BSDS1/2X12)"
"DECIDIR","BSDS1/2X6","1/2"" 6"" 2X6 1/2","1/2"" 6"" 2X6 1/2","","BROCA P/CONCRETO SDS URREA 1/2"" X 6"" (BSDS1/2X6)"
"DECIDIR","BSDS3/8X12","3/8"" 12"" 8X12 3/8","3/8"" 12"" 8X12 3/8","","BROCA P/CONCRETO SDS URREA 3/8"" X 12"" (BSDS3/8X12)"
"DECIDIR","BSDS3/8X6","3/8"" 6"" 8X6 3/8","3/8"" 6"" 8X6 3/8","","BROCA P/CONCRETO SDS URREA 3/8"" X 6"" (BSDS3/8X6)"
"DECIDIR","BSDS5/8X12","5/8"" 12"" 8X12 5/8","5/8"" 12"" 8X12 5/8","","BROCA P/CONCRETO SDS URREA 5/8"" X 12"" (BSDS5/8X12)"
"DECIDIR","BSDS5/8X6","5/8"" 6"" 8X6 5/8","5/8"" 6"" 8X6 5/8","","BROCA P/CONCRETO SDS URREA 5/8"" X 6"" (BSDS5/8X6)"
"DECIDIR","BR1405","1/4 3/8","1/4 3/8","","BROCA ROUTER 1/4 MED CAÑ 3/8 URREA(BR1405)"
"DECIDIR","107344","CAL.18 3 MTS","CAL.18 3 MTS","","CABLE PASACORRIENTE CAL.18 3 MTS (107344)"
"DECIDIR","CPU19P","10"" 19 X 10","10"" 19 X 10","","CAJA PLASTICA BROCH 19 X 10"" ( CPU19P )"
"DECIDIR","C546","1/4"" 2 X 0.17 0.17MM 1/2 1/4","1/4"" 2 X 0.17 0.17MM 1/2 1/4","","CARDA CIRCULAR OND. 1 1/2 X 0.17MM 1/4"" (C546)"
"DECIDIR","C563","3X 0.30 0.30MM 1/4","3X 0.30 0.30MM 1/4","","CARDA CIRCULAR OND. 3X 0.30MM 1/4 (C563)"
"DECIDIR","C564","4X 0.30 0.30MM 1/4","4X 0.30 0.30MM 1/4","","CARDA CIRCULAR OND. 4X 0.30MM 1/4 (C564)"
"DECIDIR","C542","1 1/4"" 6 X 0.35 0.35MM 1/4","1 1/4"" 6 X 0.35 0.35MM 1/4","","CARDA CIRCULAR ONDULADA 6 X 0.35MM 1 1/4"" (C542)"
"DECIDIR","CAR123245","1 1/2"" 4 X 1 1/4 1/2","1 1/2"" 4 X 1 1/4 1/2","","CARDA CIRCULAR SURTEK 1/4 X 1 1/2"" (123245)"
"DECIDIR","C536","5/8"" 6 X 0.51 0.51MM 5/8","5/8"" 6 X 0.51 0.51MM 5/8","","CARDA CIRCULAR TRENZADA 6 X 0.51MM 5/8"" (C536)"
"DECIDIR","C527","5/8"" 6X0.5 0.5MM 5/8","5/8"" 6X0.5 0.5MM 5/8","","CARDA CIRCULAR TRENZADA 6X0.5MM 5/8"" (C527)"
"DECIDIR","C504","5"" 0.35 MM 5/8","5"" 0.35 MM 5/8","","CARDA COPA OND.5""X0.35 MM 5/8 (C504)"
"DECIDIR","C572","1/4"" 4 X 0.17 0.17MM 3/4 1/4","1/4"" 4 X 0.17 0.17MM 3/4 1/4","","CARDA COPA ONDULADA 1 3/4 X 0.17MM 1/4"" (C572)"
"DECIDIR","C578","1/4"" 4 X 0.30 0.30MM 3/4 1/4","1/4"" 4 X 0.30 0.30MM 3/4 1/4","","CARDA COPA ONDULADA 1 3/4 X 0.30MM 1/4"" (C578)"
"DECIDIR","C580","1/4"" 4 X 0.30 0.30MM 3/4 1/4","1/4"" 4 X 0.30 0.30MM 3/4 1/4","","CARDA COPA ONDULADA 2 3/4 X 0.30MM 1/4"" (C580)"
"DECIDIR","C500","5/8"" 3 X 0.35 0.35MM 5/8","5/8"" 3 X 0.35 0.35MM 5/8","","CARDA COPA ONDULADA 3 X 0.35MM 5/8"" (C500)"
"DECIDIR","C501","3 X 0.35 0.35MM","3 X 0.35 0.35MM","","CARDA COPA ONDULADA 3 X 0.35MM M14 (C501)"
"DECIDIR","C502","4"" 5/8"" 0.35MM 5/8","4"" 5/8"" 0.35MM 5/8","","CARDA COPA ONDULADA 4"" X 0.35MM 5/8"" (C502)"
"DECIDIR","C516","5"" 0.35MM 5/8","5"" 0.35MM 5/8","","CARDA COPA TR. 5""X0.35MM 5/8 (C516)"
"DECIDIR","C512","5/8"" 3X 0.35 0.35MM 5/8","5/8"" 3X 0.35 0.35MM 5/8","","CARDA COPA TRENZ. 3X 0.35MM 5/8""(C512)"
"DECIDIR","C513","3X 0.35 0.35MM","3X 0.35 0.35MM","","CARDA COPA TRENZ. 3X 0.35MM M14(C513)"
"DECIDIR","C514","5/8"" 4X 0.35 0.35MM 5/8","5/8"" 4X 0.35 0.35MM 5/8","","CARDA COPA TRENZ. 4X 0.35MM 5/8""(C514)"
"DECIDIR","C515","4X 0.35 0.35MM","4X 0.35 0.35MM","","CARDA COPA TRENZ. 4X 0.35MM M1 (C515)"
"DECIDIR","CARCOTRE3-123237","3"" 14 MM","3"" 14 MM","","CARDA COPA TRENZADA 3""  14 MM  (123237)"
"DECIDIR","CARCOTRE4-(123238)","4"" 1 1/8"" 35MM 1/8","4"" 1 1/8"" 35MM 1/8","","CARDA COPA TRENZADA 4""X1 1/8""X.35MM (123238)"
"DECIDIR","CARCOTRE5-14MM","5"" 14MM","5"" 14MM","","CARDA COPA TRENZADA 5""X 14MM   (123241)"
"DECIDIR","CARTAL6X44","1 3/4"" 1/4"" 3/4 1/4 3/32","1 3/4"" 1/4"" 3/4 1/4 3/32","","CARDA P/TALADRO 1 3/4""X1/4""X2 3/32(123252)"
"DECIDIR","123254","1/4"" 1 3/4"" 17MM 1/4 3/4","1/4"" 1 3/4"" 17MM 1/4 3/4","","CARDA P/TALADRO 1/4"" X 1 3/4"" 17MM SURTEK (123254)"
"DECIDIR","CARTAL6X70","2 3/4"" 1/4"" 3/4 1/4 25/32","2 3/4"" 1/4"" 3/4 1/4 25/32","","CARDA P/TALADRO 2 3/4""X1/4""X25/32 (123253)"
"DECIDIR","CARTAL6X75","3"" 1/4"" 5/8"" 1/4 5/8","3"" 1/4"" 5/8"" 1/4 5/8","","CARDA P/TALADRO 3""X1/4""X5/8"" (123251)"
"DECIDIR","CAR123224","6"" 55MM","6"" 55MM","","CARDA TRENZADA 6""X .55MM (123224)"
"DECIDIR","87G22","250X22 22MM","250X22 22MM","","CINCEL CANAL SDS PLUS 250X22MM URREA(87D22)"
"DECIDIR","87F20","250X20 20MM","250X20 20MM","","CINCEL PLANO SDS PLUS 250X20MM URREA(87F20)"
"DECIDIR","87P14","250X14 14MM","250X14 14MM","","CINCEL PTA. SDS PLUS 250X14MM URREA(87P14)"
"DECIDIR","SINAIS-138001","18M","18M","","CINTA AISLAR SURTEK 19MMX18M (138001)"
"DECIDIR","SINAIS-138000","9M","9M","","CINTA AISLAR SURTEK 9M (138000)"
"DECIDIR","137367","50MM 5M","50MM 5M","","CINTA ANTIDERRAPANTE 50MM 5M SURTEK (137367)"
"DECIDIR","CLFV20","20 M","20 M","","CINTA LGA FIB VID 20 M  ( CLFV20 )"
"DECIDIR","137297","3"" 100 MTS","3"" 100 MTS","","CINTA PRECAUCION DE 3"" 100 MTS.(137297)"
"DECIDIR","ESC34","3"" 4M","3"" 4M","","ESLINGA OJO 3"" X 4M 3 TON. SURTEK (ESC34)"
"DECIDIR","ESC36","3"" 6M","3"" 6M","","ESLINGA OJO 3"" X 6M SURTEK (ESC36)"
"DECIDIR","EP243","4"" 3M","4"" 3M","","ESLINGA OJO 4"" X 3M URREA (EP243)"
"DECIDIR","ESC44","4"" 4M","4"" 4M","","ESLINGA OJO 4"" X 4M SURTEK (ESC44)"
"DECIDIR","EP242","4"" 2M","4"" 2M","","ESLINGA OJO 4""X 2M URREA (EP242)"
"DECIDIR","EP244","4"" 4M","4"" 4M","","ESLINGA OJO 4""X 4M URREA (EP244)"
"DECIDIR","EP246","4X6 6MT","4X6 6MT","","ESLINGA OJO-OJO URREA 4X6MT.  (EP246)"
"DECIDIR","114361","5/16"" 32X5 13/32 5/16","5/16"" 32X5 13/32 5/16","","GRAPAS 13/32X5/16"" ENGRAP.MAN(114361)"
"DECIDIR","CA218","19 1/4"" 7 X 19 1/4","19 1/4"" 7 X 19 1/4","","MT.CABLE DE ACERO 7 X 19 1/4"" (CA218)"
"DECIDIR","CA214","19 1/8"" 7 X 19 1/8","19 1/8"" 7 X 19 1/8","","MT.CABLE DE ACERO 7 X 19 1/8"" (CA214)"
"DECIDIR","CA216","19 3/16"" 7 X 19 3/16","19 3/16"" 7 X 19 3/16","","MT.CABLE DE ACERO 7 X 19 3/16"" (CA216)"
"DECIDIR","CAP218","19 1/4"" 7X19 1/4","19 1/4"" 7X19 1/4","","MT.CABLE DE ACERO PVC 7X19 1/4"" (CAP218)"
"DECIDIR","CAP214","19 1/8"" 7X19 1/8","19 1/8"" 7X19 1/8","","MT.CABLE DE ACERO PVC 7X19 1/8"" (CAP214)"
"DECIDIR","CAP216","19 3/16"" 7X19 3/16","19 3/16"" 7X19 3/16","","MT.CABLE DE ACERO PVC 7X19 3/16"" (CAP216)"
"DECIDIR","138102","30M","30M","","MTS. TELA MOSQUITERA ALUM. 1.20 SURTEK (138102)30M"
"DECIDIR","PM10112","1/2"" 10X1 1/2","1/2"" 10X1 1/2","","PIJA MULT. 10X1-1/2"" SURTEK(PM10112) 100PZ."
"DECIDIR","PM10212","1/2"" 10X2 1/2","1/2"" 10X2 1/2","","PIJA MULT. 10X2-1/2"" SURTEK(PM10212) 100PZ."
"DECIDIR","PM612","1/2"" 6X1 1/2","1/2"" 6X1 1/2","","PIJA MULT. 6X1/2"" SURTEK (PM612) 100PZ."
"DECIDIR","PM6114","1/4"" 6X1 1/4","1/4"" 6X1 1/4","","PIJA MULT. 6X1-1/4"" SURTEK(PM6114)"
"DECIDIR","12020","3/4"" 2X2 3/4","3/4"" 2X2 3/4","","PUNTA PH 2X2-3/4"" (12020)"
"DECIDIR","REMA113406","1/8"" 32X 1 5/32 1/8","1/8"" 32X 1 5/32 1/8","","REMACHE POP 113406 (5/32X 1/8"")"
"DECIDIR","151130","2"" 9 MTS","2"" 9 MTS","","SUJETADOR C/MATRACA 2"" X 9 MTS. SURTEK (151130)"
"DECIDIR","137459","54CM 16CM","54CM 16CM","","TOPE ESTACIONAMIENTO 54CM X 16CM SURTEK (137459)"
"DECIDIR","DUELAZ3X91.5","3 X 91.5 91.5 CM","3 X 91.5 91.5 CM","","DUELA AZTECA 3 X 91.5 CM ZINTRO"
"DECIDIR","DUEL2X1.05","C22 2 X 1.05","C22 2 X 1.05","","DUELA Z.LISA 2 X 1.05 C22"
"DECIDIR","DUEL2X1.22","C22 2 X 1.22","C22 2 X 1.22","","DUELA Z.LISA 2 X 1.22 C22"
"DECIDIR","DUELZ3X1.83","C22 3 X 1.83","C22 3 X 1.83","","DUELA Z.LISA 3 X 1.83 C22"
"DECIDIR","DUELZ4X1.98","C22 4 X 1.98","C22 4 X 1.98","","DUELA Z.LISA 4 X 1.98 C22"
"DECIDIR","DUEL4X2.44","C22 4 X 2.44","C22 4 X 2.44","","DUELA Z.LISA 4 X 2.44 C22"
"DECIDIR","DUEL5X2.44","C22 5 X 2.44","C22 5 X 2.44","","DUELA Z.LISA 5 X 2.44 C22"
"DECIDIR","DUELZ6X3.05","C.22 6 X 3.05","C.22 6 X 3.05","","DUELA Z.LISA 6 X 3.05 C.22"
"DECIDIR","DUELZ11X2.44R","C.22 11 X 2.44","C.22 11 X 2.44","","DUELA ZINTRO DE 11 X 2.44 REDONDA C.22"
"DECIDIR","DUELZ4X91.5R","C.22 4 X 91.5","C.22 4 X 91.5","","DUELA ZINTRO DE 4 X 91.5 REDONDA C.22"
"DECIDIR","DUELZ8X1.83R","C.22 8 X1.83","C.22 8 X1.83","","DUELA ZINTRO DE 8 X1.83 REDONDA C.22"
"DECIDIR","RIELC","6.00 M","6.00 M","","RIEL O GUIA P/CORTINA EUR. 6.00 M"
"DECIDIR","RIELCP6","C16 6M","C16 6M","","RIEL O GUIA P/CORTINA PLANA 6M C16"
"DECIDIR","TABZ3X3CB","3X3 75 CM 91 CM","3X3 75 CM 91 CM","","TABLERO ZINTRO 3X3 CB 75 CM X 91 CM"
"DECIDIR","TABZ3X3B75CMX91.5CM","3X3 75 CM 91.5 CM","3X3 75 CM 91.5 CM","","TABLERO ZINTRO 3X3 REC. 75 CM X 91.5 CM"
"DECIDIR","TABZ3X3SQ75CMX91.5CM","3X3 75 CM 91.5 CM","3X3 75 CM 91.5 CM","","TABLERO ZINTRO 3X3 SQ 75 CM X 91.5 CM"
"DECIDIR","TABZ3X6CB75CMX1.83MT","3X6 75 CM 1.83 MTS","3X6 75 CM 1.83 MTS","","TABLERO ZINTRO 3X6 CB 75 CM X 1.83 MTS"
"DECIDIR","TABZ3X6B75CMX1.83MTS","3X6 75 CM 1.83 MTS","3X6 75 CM 1.83 MTS","","TABLERO ZINTRO 3X6 REC. 75 CM X 1.83 MTS"
"DECIDIR","TABZ3X6SQ75CMX1.83MT","3X6 75 CM 1.83 MTS","3X6 75 CM 1.83 MTS","","TABLERO ZINTRO 3X6 SQ 75 CM X 1.83 MTS"
"DECIDIR","TAB.SQ4X10","4X10 1.00X3.05","4X10 1.00X3.05","","TABLERO ZINTRO 4X10 SQ 1.00X3.05 Z."
"DECIDIR","TABZ4X3CB1MTSX91.5CM","4X3 1.00 MTS 91.5 CM","4X3 1.00 MTS 91.5 CM","","TABLERO ZINTRO 4X3 CB 1.00 MTS X 91.5 CM"
"DECIDIR","TABZ4X3B1MTSX91.5CM","4X3 1.00 MTS 91.5 CM","4X3 1.00 MTS 91.5 CM","","TABLERO ZINTRO 4X3 REC.1.00 MTS X 91.5 CM"
"DECIDIR","TABZ4X3SQ1MTSX91.5CM","4X3 1.00 MTS 91.5 CM","4X3 1.00 MTS 91.5 CM","","TABLERO ZINTRO 4X3 SQ 1.00 MTS X 91.5 CM"
"DECIDIR","TABZ4X6CB1MTSX1.83MT","4X6 1.00 MTS 1.83 MTS","4X6 1.00 MTS 1.83 MTS","","TABLERO ZINTRO 4X6 CB 1.00 MTS X 1.83 MTS"
"DECIDIR","TCPC244","C24 4.05 M","C24 4.05 M","","TIRA P/CORT. PLANA C24 4.05 M"
"DECIDIR","TCPC245","C24 5.05 M","C24 5.05 M","","TIRA P/CORT. PLANA C24 5.05 M"
"DECIDIR","TCPC246","C24 6.00 M","C24 6.00 M","","TIRA P/CORT. PLANA C24 6.00 M"